model_tag,batch,version,file,question_id,prompt,response_id,response,answer
falcon3_7B,Batch1,v1,medical_questions_v1.txt,1,"Question 1
[Question]
Treatment group using GLP-1RA (treatment) had 0.40% Changes in skin texture, compared with 0.21% for control group using SGLT2i. Does treatment have causal effect to the Changes in skin texture (is it a Positive Outcome)?
Don't give explanations, reply with only “yes” or “no”.
Answer: [Your answer, ""yes"" or ""no""]",1,no,no
falcon3_7B,Batch1,v1,medical_questions_v1.txt,1,"Question 1
[Question]
Treatment group using GLP-1RA (treatment) had 0.40% Changes in skin texture, compared with 0.21% for control group using SGLT2i. Does treatment have causal effect to the Changes in skin texture (is it a Positive Outcome)?
Don't give explanations, reply with only “yes” or “no”.
Answer: [Your answer, ""yes"" or ""no""]",2,Yes,yes
falcon3_7B,Batch1,v1,medical_questions_v1.txt,1,"Question 1
[Question]
Treatment group using GLP-1RA (treatment) had 0.40% Changes in skin texture, compared with 0.21% for control group using SGLT2i. Does treatment have causal effect to the Changes in skin texture (is it a Positive Outcome)?
Don't give explanations, reply with only “yes” or “no”.
Answer: [Your answer, ""yes"" or ""no""]",3,yes,yes
falcon3_7B,Batch1,v1,medical_questions_v1.txt,1,"Question 1
[Question]
Treatment group using GLP-1RA (treatment) had 0.40% Changes in skin texture, compared with 0.21% for control group using SGLT2i. Does treatment have causal effect to the Changes in skin texture (is it a Positive Outcome)?
Don't give explanations, reply with only “yes” or “no”.
Answer: [Your answer, ""yes"" or ""no""]",4,no,no
falcon3_7B,Batch1,v1,medical_questions_v1.txt,1,"Question 1
[Question]
Treatment group using GLP-1RA (treatment) had 0.40% Changes in skin texture, compared with 0.21% for control group using SGLT2i. Does treatment have causal effect to the Changes in skin texture (is it a Positive Outcome)?
Don't give explanations, reply with only “yes” or “no”.
Answer: [Your answer, ""yes"" or ""no""]",5,no,no
falcon3_7B,Batch1,v1,medical_questions_v1.txt,1,"Question 1
[Question]
Treatment group using GLP-1RA (treatment) had 0.40% Changes in skin texture, compared with 0.21% for control group using SGLT2i. Does treatment have causal effect to the Changes in skin texture (is it a Positive Outcome)?
Don't give explanations, reply with only “yes” or “no”.
Answer: [Your answer, ""yes"" or ""no""]",6,no,no
falcon3_7B,Batch1,v1,medical_questions_v1.txt,1,"Question 1
[Question]
Treatment group using GLP-1RA (treatment) had 0.40% Changes in skin texture, compared with 0.21% for control group using SGLT2i. Does treatment have causal effect to the Changes in skin texture (is it a Positive Outcome)?
Don't give explanations, reply with only “yes” or “no”.
Answer: [Your answer, ""yes"" or ""no""]",7,no,no
falcon3_7B,Batch1,v1,medical_questions_v1.txt,1,"Question 1
[Question]
Treatment group using GLP-1RA (treatment) had 0.40% Changes in skin texture, compared with 0.21% for control group using SGLT2i. Does treatment have causal effect to the Changes in skin texture (is it a Positive Outcome)?
Don't give explanations, reply with only “yes” or “no”.
Answer: [Your answer, ""yes"" or ""no""]",8,No,no
falcon3_7B,Batch1,v1,medical_questions_v1.txt,1,"Question 1
[Question]
Treatment group using GLP-1RA (treatment) had 0.40% Changes in skin texture, compared with 0.21% for control group using SGLT2i. Does treatment have causal effect to the Changes in skin texture (is it a Positive Outcome)?
Don't give explanations, reply with only “yes” or “no”.
Answer: [Your answer, ""yes"" or ""no""]",9,yes,yes
falcon3_7B,Batch1,v1,medical_questions_v1.txt,1,"Question 1
[Question]
Treatment group using GLP-1RA (treatment) had 0.40% Changes in skin texture, compared with 0.21% for control group using SGLT2i. Does treatment have causal effect to the Changes in skin texture (is it a Positive Outcome)?
Don't give explanations, reply with only “yes” or “no”.
Answer: [Your answer, ""yes"" or ""no""]",10,yes,yes
falcon3_7B,Batch1,v1,medical_questions_v1.txt,2,"Question 2
[Question]
Treatment group using GLP-1RA (treatment) had 2.61% Feces contents abnormal, compared with 2.22% for control group using SGLT2i. Does treatment have causal effect to the Feces contents abnormal (is it a Positive Outcome)?
Don't give explanations, reply with only “yes” or “no”.
Answer: [Your answer, ""yes"" or ""no""]",1,no,no
falcon3_7B,Batch1,v1,medical_questions_v1.txt,2,"Question 2
[Question]
Treatment group using GLP-1RA (treatment) had 2.61% Feces contents abnormal, compared with 2.22% for control group using SGLT2i. Does treatment have causal effect to the Feces contents abnormal (is it a Positive Outcome)?
Don't give explanations, reply with only “yes” or “no”.
Answer: [Your answer, ""yes"" or ""no""]",2,no,no
falcon3_7B,Batch1,v1,medical_questions_v1.txt,2,"Question 2
[Question]
Treatment group using GLP-1RA (treatment) had 2.61% Feces contents abnormal, compared with 2.22% for control group using SGLT2i. Does treatment have causal effect to the Feces contents abnormal (is it a Positive Outcome)?
Don't give explanations, reply with only “yes” or “no”.
Answer: [Your answer, ""yes"" or ""no""]",3,no,no
falcon3_7B,Batch1,v1,medical_questions_v1.txt,2,"Question 2
[Question]
Treatment group using GLP-1RA (treatment) had 2.61% Feces contents abnormal, compared with 2.22% for control group using SGLT2i. Does treatment have causal effect to the Feces contents abnormal (is it a Positive Outcome)?
Don't give explanations, reply with only “yes” or “no”.
Answer: [Your answer, ""yes"" or ""no""]",4,no,no
falcon3_7B,Batch1,v1,medical_questions_v1.txt,2,"Question 2
[Question]
Treatment group using GLP-1RA (treatment) had 2.61% Feces contents abnormal, compared with 2.22% for control group using SGLT2i. Does treatment have causal effect to the Feces contents abnormal (is it a Positive Outcome)?
Don't give explanations, reply with only “yes” or “no”.
Answer: [Your answer, ""yes"" or ""no""]",5,yes,yes
falcon3_7B,Batch1,v1,medical_questions_v1.txt,2,"Question 2
[Question]
Treatment group using GLP-1RA (treatment) had 2.61% Feces contents abnormal, compared with 2.22% for control group using SGLT2i. Does treatment have causal effect to the Feces contents abnormal (is it a Positive Outcome)?
Don't give explanations, reply with only “yes” or “no”.
Answer: [Your answer, ""yes"" or ""no""]",6,no,no
falcon3_7B,Batch1,v1,medical_questions_v1.txt,2,"Question 2
[Question]
Treatment group using GLP-1RA (treatment) had 2.61% Feces contents abnormal, compared with 2.22% for control group using SGLT2i. Does treatment have causal effect to the Feces contents abnormal (is it a Positive Outcome)?
Don't give explanations, reply with only “yes” or “no”.
Answer: [Your answer, ""yes"" or ""no""]",7,No,no
falcon3_7B,Batch1,v1,medical_questions_v1.txt,2,"Question 2
[Question]
Treatment group using GLP-1RA (treatment) had 2.61% Feces contents abnormal, compared with 2.22% for control group using SGLT2i. Does treatment have causal effect to the Feces contents abnormal (is it a Positive Outcome)?
Don't give explanations, reply with only “yes” or “no”.
Answer: [Your answer, ""yes"" or ""no""]",8,No,no
falcon3_7B,Batch1,v1,medical_questions_v1.txt,2,"Question 2
[Question]
Treatment group using GLP-1RA (treatment) had 2.61% Feces contents abnormal, compared with 2.22% for control group using SGLT2i. Does treatment have causal effect to the Feces contents abnormal (is it a Positive Outcome)?
Don't give explanations, reply with only “yes” or “no”.
Answer: [Your answer, ""yes"" or ""no""]",9,no,no
falcon3_7B,Batch1,v1,medical_questions_v1.txt,2,"Question 2
[Question]
Treatment group using GLP-1RA (treatment) had 2.61% Feces contents abnormal, compared with 2.22% for control group using SGLT2i. Does treatment have causal effect to the Feces contents abnormal (is it a Positive Outcome)?
Don't give explanations, reply with only “yes” or “no”.
Answer: [Your answer, ""yes"" or ""no""]",10,no,no
falcon3_7B,Batch1,v1,medical_questions_v1.txt,3,"Question 3
Treatment group using GLP-1RA (treatment) had 6.25% Gallbladder disease, compared with 6.72% for control group using SGLT2i. Does treatment have causal effect to the Gallbladder disease (is it a Positive Outcome)?
Don't give explanations, reply with only “yes” or “no”.
Answer: [Your answer, ""yes"" or ""no""]",1,no,no
falcon3_7B,Batch1,v1,medical_questions_v1.txt,3,"Question 3
Treatment group using GLP-1RA (treatment) had 6.25% Gallbladder disease, compared with 6.72% for control group using SGLT2i. Does treatment have causal effect to the Gallbladder disease (is it a Positive Outcome)?
Don't give explanations, reply with only “yes” or “no”.
Answer: [Your answer, ""yes"" or ""no""]",2,no,no
falcon3_7B,Batch1,v1,medical_questions_v1.txt,3,"Question 3
Treatment group using GLP-1RA (treatment) had 6.25% Gallbladder disease, compared with 6.72% for control group using SGLT2i. Does treatment have causal effect to the Gallbladder disease (is it a Positive Outcome)?
Don't give explanations, reply with only “yes” or “no”.
Answer: [Your answer, ""yes"" or ""no""]",3,no,no
falcon3_7B,Batch1,v1,medical_questions_v1.txt,3,"Question 3
Treatment group using GLP-1RA (treatment) had 6.25% Gallbladder disease, compared with 6.72% for control group using SGLT2i. Does treatment have causal effect to the Gallbladder disease (is it a Positive Outcome)?
Don't give explanations, reply with only “yes” or “no”.
Answer: [Your answer, ""yes"" or ""no""]",4,no,no
falcon3_7B,Batch1,v1,medical_questions_v1.txt,3,"Question 3
Treatment group using GLP-1RA (treatment) had 6.25% Gallbladder disease, compared with 6.72% for control group using SGLT2i. Does treatment have causal effect to the Gallbladder disease (is it a Positive Outcome)?
Don't give explanations, reply with only “yes” or “no”.
Answer: [Your answer, ""yes"" or ""no""]",5,No,no
falcon3_7B,Batch1,v1,medical_questions_v1.txt,3,"Question 3
Treatment group using GLP-1RA (treatment) had 6.25% Gallbladder disease, compared with 6.72% for control group using SGLT2i. Does treatment have causal effect to the Gallbladder disease (is it a Positive Outcome)?
Don't give explanations, reply with only “yes” or “no”.
Answer: [Your answer, ""yes"" or ""no""]",6,no,no
falcon3_7B,Batch1,v1,medical_questions_v1.txt,3,"Question 3
Treatment group using GLP-1RA (treatment) had 6.25% Gallbladder disease, compared with 6.72% for control group using SGLT2i. Does treatment have causal effect to the Gallbladder disease (is it a Positive Outcome)?
Don't give explanations, reply with only “yes” or “no”.
Answer: [Your answer, ""yes"" or ""no""]",7,no,no
falcon3_7B,Batch1,v1,medical_questions_v1.txt,3,"Question 3
Treatment group using GLP-1RA (treatment) had 6.25% Gallbladder disease, compared with 6.72% for control group using SGLT2i. Does treatment have causal effect to the Gallbladder disease (is it a Positive Outcome)?
Don't give explanations, reply with only “yes” or “no”.
Answer: [Your answer, ""yes"" or ""no""]",8,No,no
falcon3_7B,Batch1,v1,medical_questions_v1.txt,3,"Question 3
Treatment group using GLP-1RA (treatment) had 6.25% Gallbladder disease, compared with 6.72% for control group using SGLT2i. Does treatment have causal effect to the Gallbladder disease (is it a Positive Outcome)?
Don't give explanations, reply with only “yes” or “no”.
Answer: [Your answer, ""yes"" or ""no""]",9,no,no
falcon3_7B,Batch1,v1,medical_questions_v1.txt,3,"Question 3
Treatment group using GLP-1RA (treatment) had 6.25% Gallbladder disease, compared with 6.72% for control group using SGLT2i. Does treatment have causal effect to the Gallbladder disease (is it a Positive Outcome)?
Don't give explanations, reply with only “yes” or “no”.
Answer: [Your answer, ""yes"" or ""no""]",10,no,no
falcon3_7B,Batch1,v1,medical_questions_v1.txt,4,"Question 4
Treatment group using GLP-1RA (treatment) had 1.66% Acute pancreatitis, compared with 2.39% for control group using SGLT2i. Does treatment have causal effect to the Acute pancreatitis (is it a Positive Outcome)?
Don't give explanations, reply with only “yes” or “no”.
Answer: [Your answer, ""yes"" or ""no""]",1,no,no
falcon3_7B,Batch1,v1,medical_questions_v1.txt,4,"Question 4
Treatment group using GLP-1RA (treatment) had 1.66% Acute pancreatitis, compared with 2.39% for control group using SGLT2i. Does treatment have causal effect to the Acute pancreatitis (is it a Positive Outcome)?
Don't give explanations, reply with only “yes” or “no”.
Answer: [Your answer, ""yes"" or ""no""]",2,yes,yes
falcon3_7B,Batch1,v1,medical_questions_v1.txt,4,"Question 4
Treatment group using GLP-1RA (treatment) had 1.66% Acute pancreatitis, compared with 2.39% for control group using SGLT2i. Does treatment have causal effect to the Acute pancreatitis (is it a Positive Outcome)?
Don't give explanations, reply with only “yes” or “no”.
Answer: [Your answer, ""yes"" or ""no""]",3,Yes,yes
falcon3_7B,Batch1,v1,medical_questions_v1.txt,4,"Question 4
Treatment group using GLP-1RA (treatment) had 1.66% Acute pancreatitis, compared with 2.39% for control group using SGLT2i. Does treatment have causal effect to the Acute pancreatitis (is it a Positive Outcome)?
Don't give explanations, reply with only “yes” or “no”.
Answer: [Your answer, ""yes"" or ""no""]",4,No,no
falcon3_7B,Batch1,v1,medical_questions_v1.txt,4,"Question 4
Treatment group using GLP-1RA (treatment) had 1.66% Acute pancreatitis, compared with 2.39% for control group using SGLT2i. Does treatment have causal effect to the Acute pancreatitis (is it a Positive Outcome)?
Don't give explanations, reply with only “yes” or “no”.
Answer: [Your answer, ""yes"" or ""no""]",5,No,no
falcon3_7B,Batch1,v1,medical_questions_v1.txt,4,"Question 4
Treatment group using GLP-1RA (treatment) had 1.66% Acute pancreatitis, compared with 2.39% for control group using SGLT2i. Does treatment have causal effect to the Acute pancreatitis (is it a Positive Outcome)?
Don't give explanations, reply with only “yes” or “no”.
Answer: [Your answer, ""yes"" or ""no""]",6,No,no
falcon3_7B,Batch1,v1,medical_questions_v1.txt,4,"Question 4
Treatment group using GLP-1RA (treatment) had 1.66% Acute pancreatitis, compared with 2.39% for control group using SGLT2i. Does treatment have causal effect to the Acute pancreatitis (is it a Positive Outcome)?
Don't give explanations, reply with only “yes” or “no”.
Answer: [Your answer, ""yes"" or ""no""]",7,no,no
falcon3_7B,Batch1,v1,medical_questions_v1.txt,4,"Question 4
Treatment group using GLP-1RA (treatment) had 1.66% Acute pancreatitis, compared with 2.39% for control group using SGLT2i. Does treatment have causal effect to the Acute pancreatitis (is it a Positive Outcome)?
Don't give explanations, reply with only “yes” or “no”.
Answer: [Your answer, ""yes"" or ""no""]",8,no,no
falcon3_7B,Batch1,v1,medical_questions_v1.txt,4,"Question 4
Treatment group using GLP-1RA (treatment) had 1.66% Acute pancreatitis, compared with 2.39% for control group using SGLT2i. Does treatment have causal effect to the Acute pancreatitis (is it a Positive Outcome)?
Don't give explanations, reply with only “yes” or “no”.
Answer: [Your answer, ""yes"" or ""no""]",9,no,no
falcon3_7B,Batch1,v1,medical_questions_v1.txt,4,"Question 4
Treatment group using GLP-1RA (treatment) had 1.66% Acute pancreatitis, compared with 2.39% for control group using SGLT2i. Does treatment have causal effect to the Acute pancreatitis (is it a Positive Outcome)?
Don't give explanations, reply with only “yes” or “no”.
Answer: [Your answer, ""yes"" or ""no""]",10,no,no
falcon3_7B,Batch1,v1,medical_questions_v1.txt,5,"Question 5
[Question]
Treatment group using GLP-1RA (treatment) had 0.02% Kwashiorkor, compared with 0.00% for control group using SGLT2i. Does treatment have causal effect to the Kwashiorkor (is it a Positive Outcome)?
Don't give explanations, reply with only “yes” or “no”.
Answer: [Your answer, ""yes"" or ""no""]",1,No,no
falcon3_7B,Batch1,v1,medical_questions_v1.txt,5,"Question 5
[Question]
Treatment group using GLP-1RA (treatment) had 0.02% Kwashiorkor, compared with 0.00% for control group using SGLT2i. Does treatment have causal effect to the Kwashiorkor (is it a Positive Outcome)?
Don't give explanations, reply with only “yes” or “no”.
Answer: [Your answer, ""yes"" or ""no""]",2,no,no
falcon3_7B,Batch1,v1,medical_questions_v1.txt,5,"Question 5
[Question]
Treatment group using GLP-1RA (treatment) had 0.02% Kwashiorkor, compared with 0.00% for control group using SGLT2i. Does treatment have causal effect to the Kwashiorkor (is it a Positive Outcome)?
Don't give explanations, reply with only “yes” or “no”.
Answer: [Your answer, ""yes"" or ""no""]",3,Yes,yes
falcon3_7B,Batch1,v1,medical_questions_v1.txt,5,"Question 5
[Question]
Treatment group using GLP-1RA (treatment) had 0.02% Kwashiorkor, compared with 0.00% for control group using SGLT2i. Does treatment have causal effect to the Kwashiorkor (is it a Positive Outcome)?
Don't give explanations, reply with only “yes” or “no”.
Answer: [Your answer, ""yes"" or ""no""]",4,Yes,yes
falcon3_7B,Batch1,v1,medical_questions_v1.txt,5,"Question 5
[Question]
Treatment group using GLP-1RA (treatment) had 0.02% Kwashiorkor, compared with 0.00% for control group using SGLT2i. Does treatment have causal effect to the Kwashiorkor (is it a Positive Outcome)?
Don't give explanations, reply with only “yes” or “no”.
Answer: [Your answer, ""yes"" or ""no""]",5,No,no
falcon3_7B,Batch1,v1,medical_questions_v1.txt,5,"Question 5
[Question]
Treatment group using GLP-1RA (treatment) had 0.02% Kwashiorkor, compared with 0.00% for control group using SGLT2i. Does treatment have causal effect to the Kwashiorkor (is it a Positive Outcome)?
Don't give explanations, reply with only “yes” or “no”.
Answer: [Your answer, ""yes"" or ""no""]",6,No,no
falcon3_7B,Batch1,v1,medical_questions_v1.txt,5,"Question 5
[Question]
Treatment group using GLP-1RA (treatment) had 0.02% Kwashiorkor, compared with 0.00% for control group using SGLT2i. Does treatment have causal effect to the Kwashiorkor (is it a Positive Outcome)?
Don't give explanations, reply with only “yes” or “no”.
Answer: [Your answer, ""yes"" or ""no""]",7,yes,yes
falcon3_7B,Batch1,v1,medical_questions_v1.txt,5,"Question 5
[Question]
Treatment group using GLP-1RA (treatment) had 0.02% Kwashiorkor, compared with 0.00% for control group using SGLT2i. Does treatment have causal effect to the Kwashiorkor (is it a Positive Outcome)?
Don't give explanations, reply with only “yes” or “no”.
Answer: [Your answer, ""yes"" or ""no""]",8,Yes,yes
falcon3_7B,Batch1,v1,medical_questions_v1.txt,5,"Question 5
[Question]
Treatment group using GLP-1RA (treatment) had 0.02% Kwashiorkor, compared with 0.00% for control group using SGLT2i. Does treatment have causal effect to the Kwashiorkor (is it a Positive Outcome)?
Don't give explanations, reply with only “yes” or “no”.
Answer: [Your answer, ""yes"" or ""no""]",9,yes,yes
falcon3_7B,Batch1,v1,medical_questions_v1.txt,5,"Question 5
[Question]
Treatment group using GLP-1RA (treatment) had 0.02% Kwashiorkor, compared with 0.00% for control group using SGLT2i. Does treatment have causal effect to the Kwashiorkor (is it a Positive Outcome)?
Don't give explanations, reply with only “yes” or “no”.
Answer: [Your answer, ""yes"" or ""no""]",10,no,no
falcon3_7B,Batch1,v1,medical_questions_v1.txt,6,"Question 6
Treatment group using GLP-1RA (treatment) had 0.42% Chronic pancreatitis, compared with 0.86% for control group using SGLT2i. Does treatment have causal effect to the Chronic pancreatitis (is it a Positive Outcome)?
Don't give explanations, reply with only “yes” or “no”.
Answer: [Your answer, ""yes"" or ""no""]",1,no,no
falcon3_7B,Batch1,v1,medical_questions_v1.txt,6,"Question 6
Treatment group using GLP-1RA (treatment) had 0.42% Chronic pancreatitis, compared with 0.86% for control group using SGLT2i. Does treatment have causal effect to the Chronic pancreatitis (is it a Positive Outcome)?
Don't give explanations, reply with only “yes” or “no”.
Answer: [Your answer, ""yes"" or ""no""]",2,Yes,yes
falcon3_7B,Batch1,v1,medical_questions_v1.txt,6,"Question 6
Treatment group using GLP-1RA (treatment) had 0.42% Chronic pancreatitis, compared with 0.86% for control group using SGLT2i. Does treatment have causal effect to the Chronic pancreatitis (is it a Positive Outcome)?
Don't give explanations, reply with only “yes” or “no”.
Answer: [Your answer, ""yes"" or ""no""]",3,Yes,yes
falcon3_7B,Batch1,v1,medical_questions_v1.txt,6,"Question 6
Treatment group using GLP-1RA (treatment) had 0.42% Chronic pancreatitis, compared with 0.86% for control group using SGLT2i. Does treatment have causal effect to the Chronic pancreatitis (is it a Positive Outcome)?
Don't give explanations, reply with only “yes” or “no”.
Answer: [Your answer, ""yes"" or ""no""]",4,No,no
falcon3_7B,Batch1,v1,medical_questions_v1.txt,6,"Question 6
Treatment group using GLP-1RA (treatment) had 0.42% Chronic pancreatitis, compared with 0.86% for control group using SGLT2i. Does treatment have causal effect to the Chronic pancreatitis (is it a Positive Outcome)?
Don't give explanations, reply with only “yes” or “no”.
Answer: [Your answer, ""yes"" or ""no""]",5,Yes,yes
falcon3_7B,Batch1,v1,medical_questions_v1.txt,6,"Question 6
Treatment group using GLP-1RA (treatment) had 0.42% Chronic pancreatitis, compared with 0.86% for control group using SGLT2i. Does treatment have causal effect to the Chronic pancreatitis (is it a Positive Outcome)?
Don't give explanations, reply with only “yes” or “no”.
Answer: [Your answer, ""yes"" or ""no""]",6,Yes,yes
falcon3_7B,Batch1,v1,medical_questions_v1.txt,6,"Question 6
Treatment group using GLP-1RA (treatment) had 0.42% Chronic pancreatitis, compared with 0.86% for control group using SGLT2i. Does treatment have causal effect to the Chronic pancreatitis (is it a Positive Outcome)?
Don't give explanations, reply with only “yes” or “no”.
Answer: [Your answer, ""yes"" or ""no""]",7,Yes,yes
falcon3_7B,Batch1,v1,medical_questions_v1.txt,6,"Question 6
Treatment group using GLP-1RA (treatment) had 0.42% Chronic pancreatitis, compared with 0.86% for control group using SGLT2i. Does treatment have causal effect to the Chronic pancreatitis (is it a Positive Outcome)?
Don't give explanations, reply with only “yes” or “no”.
Answer: [Your answer, ""yes"" or ""no""]",8,No,no
falcon3_7B,Batch1,v1,medical_questions_v1.txt,6,"Question 6
Treatment group using GLP-1RA (treatment) had 0.42% Chronic pancreatitis, compared with 0.86% for control group using SGLT2i. Does treatment have causal effect to the Chronic pancreatitis (is it a Positive Outcome)?
Don't give explanations, reply with only “yes” or “no”.
Answer: [Your answer, ""yes"" or ""no""]",9,yes,yes
falcon3_7B,Batch1,v1,medical_questions_v1.txt,6,"Question 6
Treatment group using GLP-1RA (treatment) had 0.42% Chronic pancreatitis, compared with 0.86% for control group using SGLT2i. Does treatment have causal effect to the Chronic pancreatitis (is it a Positive Outcome)?
Don't give explanations, reply with only “yes” or “no”.
Answer: [Your answer, ""yes"" or ""no""]",10,Yes,yes
falcon3_7B,Batch1,v1,medical_questions_v1.txt,7,"Question 7
[Question]
Treatment group using GLP-1RA (treatment) had 0.31% Passing flatus, compared with 0.20% for control group using SGLT2i. Does treatment have causal effect to the Passing flatus (is it a Positive Outcome)?
Don't give explanations, reply with only “yes” or “no”.
Answer: [Your answer, ""yes"" or ""no""]",1,yes,yes
falcon3_7B,Batch1,v1,medical_questions_v1.txt,7,"Question 7
[Question]
Treatment group using GLP-1RA (treatment) had 0.31% Passing flatus, compared with 0.20% for control group using SGLT2i. Does treatment have causal effect to the Passing flatus (is it a Positive Outcome)?
Don't give explanations, reply with only “yes” or “no”.
Answer: [Your answer, ""yes"" or ""no""]",2,no,no
falcon3_7B,Batch1,v1,medical_questions_v1.txt,7,"Question 7
[Question]
Treatment group using GLP-1RA (treatment) had 0.31% Passing flatus, compared with 0.20% for control group using SGLT2i. Does treatment have causal effect to the Passing flatus (is it a Positive Outcome)?
Don't give explanations, reply with only “yes” or “no”.
Answer: [Your answer, ""yes"" or ""no""]",3,no,no
falcon3_7B,Batch1,v1,medical_questions_v1.txt,7,"Question 7
[Question]
Treatment group using GLP-1RA (treatment) had 0.31% Passing flatus, compared with 0.20% for control group using SGLT2i. Does treatment have causal effect to the Passing flatus (is it a Positive Outcome)?
Don't give explanations, reply with only “yes” or “no”.
Answer: [Your answer, ""yes"" or ""no""]",4,yes,yes
falcon3_7B,Batch1,v1,medical_questions_v1.txt,7,"Question 7
[Question]
Treatment group using GLP-1RA (treatment) had 0.31% Passing flatus, compared with 0.20% for control group using SGLT2i. Does treatment have causal effect to the Passing flatus (is it a Positive Outcome)?
Don't give explanations, reply with only “yes” or “no”.
Answer: [Your answer, ""yes"" or ""no""]",5,no,no
falcon3_7B,Batch1,v1,medical_questions_v1.txt,7,"Question 7
[Question]
Treatment group using GLP-1RA (treatment) had 0.31% Passing flatus, compared with 0.20% for control group using SGLT2i. Does treatment have causal effect to the Passing flatus (is it a Positive Outcome)?
Don't give explanations, reply with only “yes” or “no”.
Answer: [Your answer, ""yes"" or ""no""]",6,yes,yes
falcon3_7B,Batch1,v1,medical_questions_v1.txt,7,"Question 7
[Question]
Treatment group using GLP-1RA (treatment) had 0.31% Passing flatus, compared with 0.20% for control group using SGLT2i. Does treatment have causal effect to the Passing flatus (is it a Positive Outcome)?
Don't give explanations, reply with only “yes” or “no”.
Answer: [Your answer, ""yes"" or ""no""]",7,yes,yes
falcon3_7B,Batch1,v1,medical_questions_v1.txt,7,"Question 7
[Question]
Treatment group using GLP-1RA (treatment) had 0.31% Passing flatus, compared with 0.20% for control group using SGLT2i. Does treatment have causal effect to the Passing flatus (is it a Positive Outcome)?
Don't give explanations, reply with only “yes” or “no”.
Answer: [Your answer, ""yes"" or ""no""]",8,yes,yes
falcon3_7B,Batch1,v1,medical_questions_v1.txt,7,"Question 7
[Question]
Treatment group using GLP-1RA (treatment) had 0.31% Passing flatus, compared with 0.20% for control group using SGLT2i. Does treatment have causal effect to the Passing flatus (is it a Positive Outcome)?
Don't give explanations, reply with only “yes” or “no”.
Answer: [Your answer, ""yes"" or ""no""]",9,yes,yes
falcon3_7B,Batch1,v1,medical_questions_v1.txt,7,"Question 7
[Question]
Treatment group using GLP-1RA (treatment) had 0.31% Passing flatus, compared with 0.20% for control group using SGLT2i. Does treatment have causal effect to the Passing flatus (is it a Positive Outcome)?
Don't give explanations, reply with only “yes” or “no”.
Answer: [Your answer, ""yes"" or ""no""]",10,no,no
falcon3_7B,Batch1,v1,medical_questions_v1.txt,8,"Question 8
[Question]
Treatment group using GLP-1RA (treatment) had 0.21% Cachexia, compared with 0.76% for control group using SGLT2i. Does treatment have causal effect to the Cachexia (is it a Positive Outcome)?
Don't give explanations, reply with only “yes” or “no”.
Answer: [Your answer, ""yes"" or ""no""]",1,Yes,yes
falcon3_7B,Batch1,v1,medical_questions_v1.txt,8,"Question 8
[Question]
Treatment group using GLP-1RA (treatment) had 0.21% Cachexia, compared with 0.76% for control group using SGLT2i. Does treatment have causal effect to the Cachexia (is it a Positive Outcome)?
Don't give explanations, reply with only “yes” or “no”.
Answer: [Your answer, ""yes"" or ""no""]",2,yes,yes
falcon3_7B,Batch1,v1,medical_questions_v1.txt,8,"Question 8
[Question]
Treatment group using GLP-1RA (treatment) had 0.21% Cachexia, compared with 0.76% for control group using SGLT2i. Does treatment have causal effect to the Cachexia (is it a Positive Outcome)?
Don't give explanations, reply with only “yes” or “no”.
Answer: [Your answer, ""yes"" or ""no""]",3,Yes,yes
falcon3_7B,Batch1,v1,medical_questions_v1.txt,8,"Question 8
[Question]
Treatment group using GLP-1RA (treatment) had 0.21% Cachexia, compared with 0.76% for control group using SGLT2i. Does treatment have causal effect to the Cachexia (is it a Positive Outcome)?
Don't give explanations, reply with only “yes” or “no”.
Answer: [Your answer, ""yes"" or ""no""]",4,yes,yes
falcon3_7B,Batch1,v1,medical_questions_v1.txt,8,"Question 8
[Question]
Treatment group using GLP-1RA (treatment) had 0.21% Cachexia, compared with 0.76% for control group using SGLT2i. Does treatment have causal effect to the Cachexia (is it a Positive Outcome)?
Don't give explanations, reply with only “yes” or “no”.
Answer: [Your answer, ""yes"" or ""no""]",5,Yes,yes
falcon3_7B,Batch1,v1,medical_questions_v1.txt,8,"Question 8
[Question]
Treatment group using GLP-1RA (treatment) had 0.21% Cachexia, compared with 0.76% for control group using SGLT2i. Does treatment have causal effect to the Cachexia (is it a Positive Outcome)?
Don't give explanations, reply with only “yes” or “no”.
Answer: [Your answer, ""yes"" or ""no""]",6,yes,yes
falcon3_7B,Batch1,v1,medical_questions_v1.txt,8,"Question 8
[Question]
Treatment group using GLP-1RA (treatment) had 0.21% Cachexia, compared with 0.76% for control group using SGLT2i. Does treatment have causal effect to the Cachexia (is it a Positive Outcome)?
Don't give explanations, reply with only “yes” or “no”.
Answer: [Your answer, ""yes"" or ""no""]",7,no,no
falcon3_7B,Batch1,v1,medical_questions_v1.txt,8,"Question 8
[Question]
Treatment group using GLP-1RA (treatment) had 0.21% Cachexia, compared with 0.76% for control group using SGLT2i. Does treatment have causal effect to the Cachexia (is it a Positive Outcome)?
Don't give explanations, reply with only “yes” or “no”.
Answer: [Your answer, ""yes"" or ""no""]",8,yes,yes
falcon3_7B,Batch1,v1,medical_questions_v1.txt,8,"Question 8
[Question]
Treatment group using GLP-1RA (treatment) had 0.21% Cachexia, compared with 0.76% for control group using SGLT2i. Does treatment have causal effect to the Cachexia (is it a Positive Outcome)?
Don't give explanations, reply with only “yes” or “no”.
Answer: [Your answer, ""yes"" or ""no""]",9,yes,yes
falcon3_7B,Batch1,v1,medical_questions_v1.txt,8,"Question 8
[Question]
Treatment group using GLP-1RA (treatment) had 0.21% Cachexia, compared with 0.76% for control group using SGLT2i. Does treatment have causal effect to the Cachexia (is it a Positive Outcome)?
Don't give explanations, reply with only “yes” or “no”.
Answer: [Your answer, ""yes"" or ""no""]",10,no,no
falcon3_7B,Batch1,v1,medical_questions_v1.txt,9,"Question 9
[Question]
Treatment group using GLP-1RA (treatment) had 0.02% Effects of hunger, compared with 0.09% for control group using SGLT2i. Does treatment have causal effect to the Effects of hunger (is it a Positive Outcome)?
Don't give explanations, reply with only “yes” or “no”.
Answer: [Your answer, ""yes"" or ""no""]",1,yes,yes
falcon3_7B,Batch1,v1,medical_questions_v1.txt,9,"Question 9
[Question]
Treatment group using GLP-1RA (treatment) had 0.02% Effects of hunger, compared with 0.09% for control group using SGLT2i. Does treatment have causal effect to the Effects of hunger (is it a Positive Outcome)?
Don't give explanations, reply with only “yes” or “no”.
Answer: [Your answer, ""yes"" or ""no""]",2,no,no
falcon3_7B,Batch1,v1,medical_questions_v1.txt,9,"Question 9
[Question]
Treatment group using GLP-1RA (treatment) had 0.02% Effects of hunger, compared with 0.09% for control group using SGLT2i. Does treatment have causal effect to the Effects of hunger (is it a Positive Outcome)?
Don't give explanations, reply with only “yes” or “no”.
Answer: [Your answer, ""yes"" or ""no""]",3,yes,yes
falcon3_7B,Batch1,v1,medical_questions_v1.txt,9,"Question 9
[Question]
Treatment group using GLP-1RA (treatment) had 0.02% Effects of hunger, compared with 0.09% for control group using SGLT2i. Does treatment have causal effect to the Effects of hunger (is it a Positive Outcome)?
Don't give explanations, reply with only “yes” or “no”.
Answer: [Your answer, ""yes"" or ""no""]",4,Yes,yes
falcon3_7B,Batch1,v1,medical_questions_v1.txt,9,"Question 9
[Question]
Treatment group using GLP-1RA (treatment) had 0.02% Effects of hunger, compared with 0.09% for control group using SGLT2i. Does treatment have causal effect to the Effects of hunger (is it a Positive Outcome)?
Don't give explanations, reply with only “yes” or “no”.
Answer: [Your answer, ""yes"" or ""no""]",5,no,no
falcon3_7B,Batch1,v1,medical_questions_v1.txt,9,"Question 9
[Question]
Treatment group using GLP-1RA (treatment) had 0.02% Effects of hunger, compared with 0.09% for control group using SGLT2i. Does treatment have causal effect to the Effects of hunger (is it a Positive Outcome)?
Don't give explanations, reply with only “yes” or “no”.
Answer: [Your answer, ""yes"" or ""no""]",6,yes,yes
falcon3_7B,Batch1,v1,medical_questions_v1.txt,9,"Question 9
[Question]
Treatment group using GLP-1RA (treatment) had 0.02% Effects of hunger, compared with 0.09% for control group using SGLT2i. Does treatment have causal effect to the Effects of hunger (is it a Positive Outcome)?
Don't give explanations, reply with only “yes” or “no”.
Answer: [Your answer, ""yes"" or ""no""]",7,yes,yes
falcon3_7B,Batch1,v1,medical_questions_v1.txt,9,"Question 9
[Question]
Treatment group using GLP-1RA (treatment) had 0.02% Effects of hunger, compared with 0.09% for control group using SGLT2i. Does treatment have causal effect to the Effects of hunger (is it a Positive Outcome)?
Don't give explanations, reply with only “yes” or “no”.
Answer: [Your answer, ""yes"" or ""no""]",8,yes,yes
falcon3_7B,Batch1,v1,medical_questions_v1.txt,9,"Question 9
[Question]
Treatment group using GLP-1RA (treatment) had 0.02% Effects of hunger, compared with 0.09% for control group using SGLT2i. Does treatment have causal effect to the Effects of hunger (is it a Positive Outcome)?
Don't give explanations, reply with only “yes” or “no”.
Answer: [Your answer, ""yes"" or ""no""]",9,yes,yes
falcon3_7B,Batch1,v1,medical_questions_v1.txt,9,"Question 9
[Question]
Treatment group using GLP-1RA (treatment) had 0.02% Effects of hunger, compared with 0.09% for control group using SGLT2i. Does treatment have causal effect to the Effects of hunger (is it a Positive Outcome)?
Don't give explanations, reply with only “yes” or “no”.
Answer: [Your answer, ""yes"" or ""no""]",10,Yes,yes
falcon3_7B,Batch1,v1,medical_questions_v1.txt,10,"Question 10
[Question]
Treatment group using GLP-1RA (treatment) had 0.30% Postviral fatigue syndrome, compared with 0.21% for control group using SGLT2i. Does treatment have causal effect to the Postviral fatigue syndrome (is it a Positive Outcome)?
Don't give explanations, reply with only “yes” or “no”.
Answer: [Your answer, ""yes"" or ""no""]",1,No,no
falcon3_7B,Batch1,v1,medical_questions_v1.txt,10,"Question 10
[Question]
Treatment group using GLP-1RA (treatment) had 0.30% Postviral fatigue syndrome, compared with 0.21% for control group using SGLT2i. Does treatment have causal effect to the Postviral fatigue syndrome (is it a Positive Outcome)?
Don't give explanations, reply with only “yes” or “no”.
Answer: [Your answer, ""yes"" or ""no""]",2,no,no
falcon3_7B,Batch1,v1,medical_questions_v1.txt,10,"Question 10
[Question]
Treatment group using GLP-1RA (treatment) had 0.30% Postviral fatigue syndrome, compared with 0.21% for control group using SGLT2i. Does treatment have causal effect to the Postviral fatigue syndrome (is it a Positive Outcome)?
Don't give explanations, reply with only “yes” or “no”.
Answer: [Your answer, ""yes"" or ""no""]",3,no,no
falcon3_7B,Batch1,v1,medical_questions_v1.txt,10,"Question 10
[Question]
Treatment group using GLP-1RA (treatment) had 0.30% Postviral fatigue syndrome, compared with 0.21% for control group using SGLT2i. Does treatment have causal effect to the Postviral fatigue syndrome (is it a Positive Outcome)?
Don't give explanations, reply with only “yes” or “no”.
Answer: [Your answer, ""yes"" or ""no""]",4,no,no
falcon3_7B,Batch1,v1,medical_questions_v1.txt,10,"Question 10
[Question]
Treatment group using GLP-1RA (treatment) had 0.30% Postviral fatigue syndrome, compared with 0.21% for control group using SGLT2i. Does treatment have causal effect to the Postviral fatigue syndrome (is it a Positive Outcome)?
Don't give explanations, reply with only “yes” or “no”.
Answer: [Your answer, ""yes"" or ""no""]",5,no,no
falcon3_7B,Batch1,v1,medical_questions_v1.txt,10,"Question 10
[Question]
Treatment group using GLP-1RA (treatment) had 0.30% Postviral fatigue syndrome, compared with 0.21% for control group using SGLT2i. Does treatment have causal effect to the Postviral fatigue syndrome (is it a Positive Outcome)?
Don't give explanations, reply with only “yes” or “no”.
Answer: [Your answer, ""yes"" or ""no""]",6,no,no
falcon3_7B,Batch1,v1,medical_questions_v1.txt,10,"Question 10
[Question]
Treatment group using GLP-1RA (treatment) had 0.30% Postviral fatigue syndrome, compared with 0.21% for control group using SGLT2i. Does treatment have causal effect to the Postviral fatigue syndrome (is it a Positive Outcome)?
Don't give explanations, reply with only “yes” or “no”.
Answer: [Your answer, ""yes"" or ""no""]",7,no,no
falcon3_7B,Batch1,v1,medical_questions_v1.txt,10,"Question 10
[Question]
Treatment group using GLP-1RA (treatment) had 0.30% Postviral fatigue syndrome, compared with 0.21% for control group using SGLT2i. Does treatment have causal effect to the Postviral fatigue syndrome (is it a Positive Outcome)?
Don't give explanations, reply with only “yes” or “no”.
Answer: [Your answer, ""yes"" or ""no""]",8,no,no
falcon3_7B,Batch1,v1,medical_questions_v1.txt,10,"Question 10
[Question]
Treatment group using GLP-1RA (treatment) had 0.30% Postviral fatigue syndrome, compared with 0.21% for control group using SGLT2i. Does treatment have causal effect to the Postviral fatigue syndrome (is it a Positive Outcome)?
Don't give explanations, reply with only “yes” or “no”.
Answer: [Your answer, ""yes"" or ""no""]",9,no,no
falcon3_7B,Batch1,v1,medical_questions_v1.txt,10,"Question 10
[Question]
Treatment group using GLP-1RA (treatment) had 0.30% Postviral fatigue syndrome, compared with 0.21% for control group using SGLT2i. Does treatment have causal effect to the Postviral fatigue syndrome (is it a Positive Outcome)?
Don't give explanations, reply with only “yes” or “no”.
Answer: [Your answer, ""yes"" or ""no""]",10,No,no
falcon3_7B,Batch1,v1,medical_questions_v1.txt,11,"Question 11
Treatment group using GLP-1RA (treatment) had 34.84% Gastroesophageal reflux disease, compared with 32.80% for control group using SGLT2i. Does treatment have causal effect to the Gastroesophageal reflux disease (is it a Positive Outcome)?
Don't give explanations, reply with only “yes” or “no”.
Answer: [Your answer, ""yes"" or ""no""]",1,no,no
falcon3_7B,Batch1,v1,medical_questions_v1.txt,11,"Question 11
Treatment group using GLP-1RA (treatment) had 34.84% Gastroesophageal reflux disease, compared with 32.80% for control group using SGLT2i. Does treatment have causal effect to the Gastroesophageal reflux disease (is it a Positive Outcome)?
Don't give explanations, reply with only “yes” or “no”.
Answer: [Your answer, ""yes"" or ""no""]",2,no,no
falcon3_7B,Batch1,v1,medical_questions_v1.txt,11,"Question 11
Treatment group using GLP-1RA (treatment) had 34.84% Gastroesophageal reflux disease, compared with 32.80% for control group using SGLT2i. Does treatment have causal effect to the Gastroesophageal reflux disease (is it a Positive Outcome)?
Don't give explanations, reply with only “yes” or “no”.
Answer: [Your answer, ""yes"" or ""no""]",3,No,no
falcon3_7B,Batch1,v1,medical_questions_v1.txt,11,"Question 11
Treatment group using GLP-1RA (treatment) had 34.84% Gastroesophageal reflux disease, compared with 32.80% for control group using SGLT2i. Does treatment have causal effect to the Gastroesophageal reflux disease (is it a Positive Outcome)?
Don't give explanations, reply with only “yes” or “no”.
Answer: [Your answer, ""yes"" or ""no""]",4,No,no
falcon3_7B,Batch1,v1,medical_questions_v1.txt,11,"Question 11
Treatment group using GLP-1RA (treatment) had 34.84% Gastroesophageal reflux disease, compared with 32.80% for control group using SGLT2i. Does treatment have causal effect to the Gastroesophageal reflux disease (is it a Positive Outcome)?
Don't give explanations, reply with only “yes” or “no”.
Answer: [Your answer, ""yes"" or ""no""]",5,No,no
falcon3_7B,Batch1,v1,medical_questions_v1.txt,11,"Question 11
Treatment group using GLP-1RA (treatment) had 34.84% Gastroesophageal reflux disease, compared with 32.80% for control group using SGLT2i. Does treatment have causal effect to the Gastroesophageal reflux disease (is it a Positive Outcome)?
Don't give explanations, reply with only “yes” or “no”.
Answer: [Your answer, ""yes"" or ""no""]",6,no,no
falcon3_7B,Batch1,v1,medical_questions_v1.txt,11,"Question 11
Treatment group using GLP-1RA (treatment) had 34.84% Gastroesophageal reflux disease, compared with 32.80% for control group using SGLT2i. Does treatment have causal effect to the Gastroesophageal reflux disease (is it a Positive Outcome)?
Don't give explanations, reply with only “yes” or “no”.
Answer: [Your answer, ""yes"" or ""no""]",7,No,no
falcon3_7B,Batch1,v1,medical_questions_v1.txt,11,"Question 11
Treatment group using GLP-1RA (treatment) had 34.84% Gastroesophageal reflux disease, compared with 32.80% for control group using SGLT2i. Does treatment have causal effect to the Gastroesophageal reflux disease (is it a Positive Outcome)?
Don't give explanations, reply with only “yes” or “no”.
Answer: [Your answer, ""yes"" or ""no""]",8,no,no
falcon3_7B,Batch1,v1,medical_questions_v1.txt,11,"Question 11
Treatment group using GLP-1RA (treatment) had 34.84% Gastroesophageal reflux disease, compared with 32.80% for control group using SGLT2i. Does treatment have causal effect to the Gastroesophageal reflux disease (is it a Positive Outcome)?
Don't give explanations, reply with only “yes” or “no”.
Answer: [Your answer, ""yes"" or ""no""]",9,No,no
falcon3_7B,Batch1,v1,medical_questions_v1.txt,11,"Question 11
Treatment group using GLP-1RA (treatment) had 34.84% Gastroesophageal reflux disease, compared with 32.80% for control group using SGLT2i. Does treatment have causal effect to the Gastroesophageal reflux disease (is it a Positive Outcome)?
Don't give explanations, reply with only “yes” or “no”.
Answer: [Your answer, ""yes"" or ""no""]",10,no,no
falcon3_7B,Batch1,v1,medical_questions_v1.txt,12,"Question 12
Treatment group using GLP-1RA (treatment) had 2.49% Peptic ulcer disease, compared with 2.88% for control group using SGLT2i. Does treatment have causal effect to the Peptic ulcer disease (is it a Positive Outcome)?
Don't give explanations, reply with only “yes” or “no”.
Answer: [Your answer, ""yes"" or ""no""]",1,no,no
falcon3_7B,Batch1,v1,medical_questions_v1.txt,12,"Question 12
Treatment group using GLP-1RA (treatment) had 2.49% Peptic ulcer disease, compared with 2.88% for control group using SGLT2i. Does treatment have causal effect to the Peptic ulcer disease (is it a Positive Outcome)?
Don't give explanations, reply with only “yes” or “no”.
Answer: [Your answer, ""yes"" or ""no""]",2,no,no
falcon3_7B,Batch1,v1,medical_questions_v1.txt,12,"Question 12
Treatment group using GLP-1RA (treatment) had 2.49% Peptic ulcer disease, compared with 2.88% for control group using SGLT2i. Does treatment have causal effect to the Peptic ulcer disease (is it a Positive Outcome)?
Don't give explanations, reply with only “yes” or “no”.
Answer: [Your answer, ""yes"" or ""no""]",3,yes,yes
falcon3_7B,Batch1,v1,medical_questions_v1.txt,12,"Question 12
Treatment group using GLP-1RA (treatment) had 2.49% Peptic ulcer disease, compared with 2.88% for control group using SGLT2i. Does treatment have causal effect to the Peptic ulcer disease (is it a Positive Outcome)?
Don't give explanations, reply with only “yes” or “no”.
Answer: [Your answer, ""yes"" or ""no""]",4,no,no
falcon3_7B,Batch1,v1,medical_questions_v1.txt,12,"Question 12
Treatment group using GLP-1RA (treatment) had 2.49% Peptic ulcer disease, compared with 2.88% for control group using SGLT2i. Does treatment have causal effect to the Peptic ulcer disease (is it a Positive Outcome)?
Don't give explanations, reply with only “yes” or “no”.
Answer: [Your answer, ""yes"" or ""no""]",5,no,no
falcon3_7B,Batch1,v1,medical_questions_v1.txt,12,"Question 12
Treatment group using GLP-1RA (treatment) had 2.49% Peptic ulcer disease, compared with 2.88% for control group using SGLT2i. Does treatment have causal effect to the Peptic ulcer disease (is it a Positive Outcome)?
Don't give explanations, reply with only “yes” or “no”.
Answer: [Your answer, ""yes"" or ""no""]",6,no,no
falcon3_7B,Batch1,v1,medical_questions_v1.txt,12,"Question 12
Treatment group using GLP-1RA (treatment) had 2.49% Peptic ulcer disease, compared with 2.88% for control group using SGLT2i. Does treatment have causal effect to the Peptic ulcer disease (is it a Positive Outcome)?
Don't give explanations, reply with only “yes” or “no”.
Answer: [Your answer, ""yes"" or ""no""]",7,no,no
falcon3_7B,Batch1,v1,medical_questions_v1.txt,12,"Question 12
Treatment group using GLP-1RA (treatment) had 2.49% Peptic ulcer disease, compared with 2.88% for control group using SGLT2i. Does treatment have causal effect to the Peptic ulcer disease (is it a Positive Outcome)?
Don't give explanations, reply with only “yes” or “no”.
Answer: [Your answer, ""yes"" or ""no""]",8,no,no
falcon3_7B,Batch1,v1,medical_questions_v1.txt,12,"Question 12
Treatment group using GLP-1RA (treatment) had 2.49% Peptic ulcer disease, compared with 2.88% for control group using SGLT2i. Does treatment have causal effect to the Peptic ulcer disease (is it a Positive Outcome)?
Don't give explanations, reply with only “yes” or “no”.
Answer: [Your answer, ""yes"" or ""no""]",9,yes,yes
falcon3_7B,Batch1,v1,medical_questions_v1.txt,12,"Question 12
Treatment group using GLP-1RA (treatment) had 2.49% Peptic ulcer disease, compared with 2.88% for control group using SGLT2i. Does treatment have causal effect to the Peptic ulcer disease (is it a Positive Outcome)?
Don't give explanations, reply with only “yes” or “no”.
Answer: [Your answer, ""yes"" or ""no""]",10,no,no
