file,qid,question,deepseek-ai/DeepSeek-R1-Distill-Llama-8B_r1_run1,deepseek-ai/DeepSeek-R1-Distill-Llama-8B_r1_run2,deepseek-ai/DeepSeek-R1-Distill-Llama-8B_r1_run3,deepseek-ai/DeepSeek-R1-Distill-Llama-8B_r1_run4,deepseek-ai/DeepSeek-R1-Distill-Llama-8B_r1_run5,deepseek-ai/DeepSeek-R1-Distill-Llama-8B_r1_run6,deepseek-ai/DeepSeek-R1-Distill-Llama-8B_r1_run7,deepseek-ai/DeepSeek-R1-Distill-Llama-8B_r1_run8,deepseek-ai/DeepSeek-R1-Distill-Llama-8B_r1_run9,deepseek-ai/DeepSeek-R1-Distill-Llama-8B_r1_run10,deepseek-ai/DeepSeek-R1-Distill-Llama-8B_r2_run1,deepseek-ai/DeepSeek-R1-Distill-Llama-8B_r2_run2,deepseek-ai/DeepSeek-R1-Distill-Llama-8B_r2_run3,deepseek-ai/DeepSeek-R1-Distill-Llama-8B_r2_run4,deepseek-ai/DeepSeek-R1-Distill-Llama-8B_r2_run5,deepseek-ai/DeepSeek-R1-Distill-Llama-8B_r2_run6,deepseek-ai/DeepSeek-R1-Distill-Llama-8B_r2_run7,deepseek-ai/DeepSeek-R1-Distill-Llama-8B_r2_run8,deepseek-ai/DeepSeek-R1-Distill-Llama-8B_r2_run9,deepseek-ai/DeepSeek-R1-Distill-Llama-8B_r2_run10,deepseek-ai/DeepSeek-R1-Distill-Llama-8B_r3_run1,deepseek-ai/DeepSeek-R1-Distill-Llama-8B_r3_run2,deepseek-ai/DeepSeek-R1-Distill-Llama-8B_r3_run3,deepseek-ai/DeepSeek-R1-Distill-Llama-8B_r3_run4,deepseek-ai/DeepSeek-R1-Distill-Llama-8B_r3_run5,deepseek-ai/DeepSeek-R1-Distill-Llama-8B_r3_run6,deepseek-ai/DeepSeek-R1-Distill-Llama-8B_r3_run7,deepseek-ai/DeepSeek-R1-Distill-Llama-8B_r3_run8,deepseek-ai/DeepSeek-R1-Distill-Llama-8B_r3_run9,deepseek-ai/DeepSeek-R1-Distill-Llama-8B_r3_run10,tiiuae/Falcon3-7B-Instruct_r1_run1,tiiuae/Falcon3-7B-Instruct_r1_run2,tiiuae/Falcon3-7B-Instruct_r1_run3,tiiuae/Falcon3-7B-Instruct_r1_run4,tiiuae/Falcon3-7B-Instruct_r1_run5,tiiuae/Falcon3-7B-Instruct_r1_run6,tiiuae/Falcon3-7B-Instruct_r1_run7,tiiuae/Falcon3-7B-Instruct_r1_run8,tiiuae/Falcon3-7B-Instruct_r1_run9,tiiuae/Falcon3-7B-Instruct_r1_run10,tiiuae/Falcon3-7B-Instruct_r2_run1,tiiuae/Falcon3-7B-Instruct_r2_run2,tiiuae/Falcon3-7B-Instruct_r2_run3,tiiuae/Falcon3-7B-Instruct_r2_run4,tiiuae/Falcon3-7B-Instruct_r2_run5,tiiuae/Falcon3-7B-Instruct_r2_run6,tiiuae/Falcon3-7B-Instruct_r2_run7,tiiuae/Falcon3-7B-Instruct_r2_run8,tiiuae/Falcon3-7B-Instruct_r2_run9,tiiuae/Falcon3-7B-Instruct_r2_run10,tiiuae/Falcon3-7B-Instruct_r3_run1,tiiuae/Falcon3-7B-Instruct_r3_run2,tiiuae/Falcon3-7B-Instruct_r3_run3,tiiuae/Falcon3-7B-Instruct_r3_run4,tiiuae/Falcon3-7B-Instruct_r3_run5,tiiuae/Falcon3-7B-Instruct_r3_run6,tiiuae/Falcon3-7B-Instruct_r3_run7,tiiuae/Falcon3-7B-Instruct_r3_run8,tiiuae/Falcon3-7B-Instruct_r3_run9,tiiuae/Falcon3-7B-Instruct_r3_run10,google/gemma-3-4b-it_r1_run1,google/gemma-3-4b-it_r1_run2,google/gemma-3-4b-it_r1_run3,google/gemma-3-4b-it_r1_run4,google/gemma-3-4b-it_r1_run5,google/gemma-3-4b-it_r1_run6,google/gemma-3-4b-it_r1_run7,google/gemma-3-4b-it_r1_run8,google/gemma-3-4b-it_r1_run9,google/gemma-3-4b-it_r1_run10,google/gemma-3-4b-it_r2_run1,google/gemma-3-4b-it_r2_run2,google/gemma-3-4b-it_r2_run3,google/gemma-3-4b-it_r2_run4,google/gemma-3-4b-it_r2_run5,google/gemma-3-4b-it_r2_run6,google/gemma-3-4b-it_r2_run7,google/gemma-3-4b-it_r2_run8,google/gemma-3-4b-it_r2_run9,google/gemma-3-4b-it_r2_run10,google/gemma-3-4b-it_r3_run1,google/gemma-3-4b-it_r3_run2,google/gemma-3-4b-it_r3_run3,google/gemma-3-4b-it_r3_run4,google/gemma-3-4b-it_r3_run5,google/gemma-3-4b-it_r3_run6,google/gemma-3-4b-it_r3_run7,google/gemma-3-4b-it_r3_run8,google/gemma-3-4b-it_r3_run9,google/gemma-3-4b-it_r3_run10,Qwen/Qwen3-VL-8B-Instruct_r1_run1,Qwen/Qwen3-VL-8B-Instruct_r1_run2,Qwen/Qwen3-VL-8B-Instruct_r1_run3,Qwen/Qwen3-VL-8B-Instruct_r1_run4,Qwen/Qwen3-VL-8B-Instruct_r1_run5,Qwen/Qwen3-VL-8B-Instruct_r1_run6,Qwen/Qwen3-VL-8B-Instruct_r1_run7,Qwen/Qwen3-VL-8B-Instruct_r1_run8,Qwen/Qwen3-VL-8B-Instruct_r1_run9,Qwen/Qwen3-VL-8B-Instruct_r1_run10,Qwen/Qwen3-VL-8B-Instruct_r2_run1,Qwen/Qwen3-VL-8B-Instruct_r2_run2,Qwen/Qwen3-VL-8B-Instruct_r2_run3,Qwen/Qwen3-VL-8B-Instruct_r2_run4,Qwen/Qwen3-VL-8B-Instruct_r2_run5,Qwen/Qwen3-VL-8B-Instruct_r2_run6,Qwen/Qwen3-VL-8B-Instruct_r2_run7,Qwen/Qwen3-VL-8B-Instruct_r2_run8,Qwen/Qwen3-VL-8B-Instruct_r2_run9,Qwen/Qwen3-VL-8B-Instruct_r2_run10,Qwen/Qwen3-VL-8B-Instruct_r3_run1,Qwen/Qwen3-VL-8B-Instruct_r3_run2,Qwen/Qwen3-VL-8B-Instruct_r3_run3,Qwen/Qwen3-VL-8B-Instruct_r3_run4,Qwen/Qwen3-VL-8B-Instruct_r3_run5,Qwen/Qwen3-VL-8B-Instruct_r3_run6,Qwen/Qwen3-VL-8B-Instruct_r3_run7,Qwen/Qwen3-VL-8B-Instruct_r3_run8,Qwen/Qwen3-VL-8B-Instruct_r3_run9,Qwen/Qwen3-VL-8B-Instruct_r3_run10
medical_questions_v2_multi,1,"Question 1 [Background] We compare two treatments for type 2 diabetes: - Treatment: GLP-1 Receptor Agonists (GLP-1RA) - Control: Sodium-Glucose Cotransporter-2 Inhibitors (SGLT2i) [Task Description] You’ll receive an outcome and the percentage of affected patients in each group. Decide whether these treatments have a causal effect on that outcome. You will receive a query describing an outcome and the proportion of patients in each group who experienced it: - One percentage for patients using GLP-1RA (treatment group). - One percentage for patients using SGLT2i (control group). Your task is to determine whether the treatments (GLP-1RA and SGLT2i) have a causal effect on that outcome. [Cohort Description] Adults with type 2 diabetes who began either GLP-1RA or SGLT2i. All had a prior diabetes diagnosis. GLP-1RA users: mean age 58.0, BMI 37.4. SGLT2i users: mean age 64.6, BMI 32.8. Charlson Comorbidity Index ≥ 3 in 65.2% (GLP-1RA) and 68.5% (SGLT2i). [Instruction] - Judge whether the treatments causally influence the outcome. - Both treatments are expected to behave similarly (either both yes or both no). - “Yes” = Positive Outcome (OOI); “No” = Negative Control Outcome (NCO). - Reply with only “yes” or “no.” [Your Task] [Question] Treatment group using GLP-1RA (treatment) had 6.96% Non Fatal MI, compared with 11.46% for control group using SGLT2i. Does treatment have causal effect to the Non Fatal MI (is it a Positive Outcome)? Answer: [Your answer, ""yes"" or ""no""]",yes,yes,yes,no,no,no,no,no,no,no,yes,no,yes,yes,no,yes,no,no,no,no,yes,no,no,yes,no,no,yes,no,yes,no,yes,no,yes,yes,yes,no,yes,yes,no,yes,yes,yes,no,yes,no,yes,yes,yes,no,no,yes,yes,yes,no,yes,no,yes,no,no,no,yes,yes,no,no,no,no,yes,yes,no,yes,yes,no,yes,yes,no,no,yes,no,yes,yes,yes,yes,no,no,yes,no,no,no,no,no,no,yes,yes,yes,yes,no,yes,yes,no,no,no,yes,no,no,no,yes,yes,yes,yes,yes,no,yes,yes,yes,yes,no,no,no,yes,no
medical_questions_v2_multi,2,"Question 2 [Background] We compare two treatments for type 2 diabetes: - Treatment: GLP-1 Receptor Agonists (GLP-1RA) - Control: Sodium-Glucose Cotransporter-2 Inhibitors (SGLT2i) [Task Description] You’ll receive an outcome and the percentage of affected patients in each group. Decide whether these treatments have a causal effect on that outcome. You will receive a query describing an outcome and the proportion of patients in each group who experienced it: - One percentage for patients using GLP-1RA (treatment group). - One percentage for patients using SGLT2i (control group). Your task is to determine whether the treatments (GLP-1RA and SGLT2i) have a causal effect on that outcome. [Cohort Description] Adults with type 2 diabetes who began either GLP-1RA or SGLT2i. All had a prior diabetes diagnosis. GLP-1RA users: mean age 58.0, BMI 37.4. SGLT2i users: mean age 64.6, BMI 32.8. Charlson Comorbidity Index ≥ 3 in 65.2% (GLP-1RA) and 68.5% (SGLT2i). [Instruction] - Judge whether the treatments causally influence the outcome. - Both treatments are expected to behave similarly (either both yes or both no). - “Yes” = Positive Outcome (OOI); “No” = Negative Control Outcome (NCO). - Reply with only “yes” or “no.” [Your Task] [Question] Treatment group using GLP-1RA (treatment) had 6.89% Non Fatal Stroke, compared with 8.60% for control group using SGLT2i. Does treatment have causal effect to the Non Fatal Stroke (is it a Positive Outcome)? Answer: [Your answer, ""yes"" or ""no""]",yes,no,yes,yes,yes,yes,no,yes,yes,no,no,no,no,no,yes,yes,no,no,yes,yes,no,yes,no,no,yes,yes,yes,yes,no,yes,no,no,no,no,no,yes,no,yes,yes,no,yes,no,yes,yes,no,no,yes,no,yes,yes,no,yes,no,yes,no,yes,no,no,no,yes,yes,yes,yes,yes,yes,no,no,no,no,no,yes,no,no,yes,yes,yes,yes,no,no,no,no,yes,no,yes,yes,no,yes,yes,no,no,no,yes,no,yes,yes,no,no,yes,no,no,no,no,yes,yes,yes,no,no,no,yes,no,no,no,no,yes,yes,no,yes,no,no,yes
medical_questions_v2_multi,3,"Question 3 [Background] We compare two treatments for type 2 diabetes: - Treatment: GLP-1 Receptor Agonists (GLP-1RA) - Control: Sodium-Glucose Cotransporter-2 Inhibitors (SGLT2i) [Task Description] You’ll receive an outcome and the percentage of affected patients in each group. Decide whether these treatments have a causal effect on that outcome. You will receive a query describing an outcome and the proportion of patients in each group who experienced it: - One percentage for patients using GLP-1RA (treatment group). - One percentage for patients using SGLT2i (control group). Your task is to determine whether the treatments (GLP-1RA and SGLT2i) have a causal effect on that outcome. [Cohort Description] Adults with type 2 diabetes who began either GLP-1RA or SGLT2i. All had a prior diabetes diagnosis. GLP-1RA users: mean age 58.0, BMI 37.4. SGLT2i users: mean age 64.6, BMI 32.8. Charlson Comorbidity Index ≥ 3 in 65.2% (GLP-1RA) and 68.5% (SGLT2i). [Instruction] - Judge whether the treatments causally influence the outcome. - Both treatments are expected to behave similarly (either both yes or both no). - “Yes” = Positive Outcome (OOI); “No” = Negative Control Outcome (NCO). - Reply with only “yes” or “no.” [Your Task] [Question] Treatment group using GLP-1RA (treatment) had 1.21% CV Death, compared with 1.66% for control group using SGLT2i. Does treatment have causal effect to the CV Death (is it a Positive Outcome)? Answer: [Your answer, ""yes"" or ""no""]",yes,no,no,no,no,no,no,no,no,no,no,no,yes,yes,no,yes,yes,no,no,no,yes,no,no,no,no,no,no,no,yes,yes,yes,no,no,no,no,yes,yes,no,no,yes,no,yes,yes,no,no,yes,yes,no,no,no,no,no,no,no,yes,yes,no,no,yes,no,yes,no,no,no,no,yes,no,no,no,no,yes,yes,yes,yes,yes,no,yes,no,no,no,yes,no,no,no,yes,yes,yes,yes,no,yes,yes,no,no,no,no,yes,yes,no,no,yes,yes,no,no,no,yes,no,no,no,no,no,no,no,no,no,no,yes,yes,yes,yes,yes
medical_questions_v2_multi,4,"Question 4 [Background] We compare two treatments for type 2 diabetes: - Treatment: GLP-1 Receptor Agonists (GLP-1RA) - Control: Sodium-Glucose Cotransporter-2 Inhibitors (SGLT2i) [Task Description] You’ll receive an outcome and the percentage of affected patients in each group. Decide whether these treatments have a causal effect on that outcome. You will receive a query describing an outcome and the proportion of patients in each group who experienced it: - One percentage for patients using GLP-1RA (treatment group). - One percentage for patients using SGLT2i (control group). Your task is to determine whether the treatments (GLP-1RA and SGLT2i) have a causal effect on that outcome. [Cohort Description] Adults with type 2 diabetes who began either GLP-1RA or SGLT2i. All had a prior diabetes diagnosis. GLP-1RA users: mean age 58.0, BMI 37.4. SGLT2i users: mean age 64.6, BMI 32.8. Charlson Comorbidity Index ≥ 3 in 65.2% (GLP-1RA) and 68.5% (SGLT2i). [Instruction] - Judge whether the treatments causally influence the outcome. - Both treatments are expected to behave similarly (either both yes or both no). - “Yes” = Positive Outcome (OOI); “No” = Negative Control Outcome (NCO). - Reply with only “yes” or “no.” [Your Task] [Question] Treatment group using GLP-1RA (treatment) had 1.69% Hospitalization For Unstable Angina, compared with 2.47% for control group using SGLT2i. Does treatment have causal effect to the Hospitalization For Unstable Angina (is it a Positive Outcome)? Answer: [Your answer, ""yes"" or ""no""]",no,yes,no,yes,no,yes,no,no,no,no,yes,yes,yes,no,no,no,no,yes,no,yes,yes,no,yes,yes,no,yes,no,no,yes,yes,no,yes,no,no,no,yes,yes,yes,yes,no,no,no,no,yes,yes,yes,no,yes,yes,yes,yes,no,yes,yes,no,no,no,yes,no,no,yes,yes,yes,yes,no,yes,yes,yes,yes,yes,yes,yes,no,yes,yes,yes,no,yes,yes,no,no,no,yes,no,no,yes,no,yes,yes,yes,no,no,yes,yes,no,no,yes,no,yes,yes,no,no,yes,no,no,yes,no,no,no,no,yes,no,no,no,no,yes,no,no,yes,yes
medical_questions_v2_multi,5,"Question 5 [Background] We compare two treatments for type 2 diabetes: - Treatment: GLP-1 Receptor Agonists (GLP-1RA) - Control: Sodium-Glucose Cotransporter-2 Inhibitors (SGLT2i) [Task Description] You’ll receive an outcome and the percentage of affected patients in each group. Decide whether these treatments have a causal effect on that outcome. You will receive a query describing an outcome and the proportion of patients in each group who experienced it: - One percentage for patients using GLP-1RA (treatment group). - One percentage for patients using SGLT2i (control group). Your task is to determine whether the treatments (GLP-1RA and SGLT2i) have a causal effect on that outcome. [Cohort Description] Adults with type 2 diabetes who began either GLP-1RA or SGLT2i. All had a prior diabetes diagnosis. GLP-1RA users: mean age 58.0, BMI 37.4. SGLT2i users: mean age 64.6, BMI 32.8. Charlson Comorbidity Index ≥ 3 in 65.2% (GLP-1RA) and 68.5% (SGLT2i). [Instruction] - Judge whether the treatments causally influence the outcome. - Both treatments are expected to behave similarly (either both yes or both no). - “Yes” = Positive Outcome (OOI); “No” = Negative Control Outcome (NCO). - Reply with only “yes” or “no.” [Your Task] [Question] Treatment group using GLP-1RA (treatment) had 12.83% MACE3, compared with 18.58% for control group using SGLT2i. Does treatment have causal effect to the MACE3 (is it a Positive Outcome)? Answer: [Your answer, ""yes"" or ""no""]",yes,no,yes,no,no,yes,yes,yes,yes,no,yes,no,no,yes,no,yes,no,yes,no,yes,yes,no,yes,yes,yes,no,no,yes,yes,yes,no,no,yes,no,no,yes,no,yes,yes,no,no,yes,no,no,no,yes,yes,no,no,yes,yes,no,yes,yes,no,yes,no,yes,yes,no,yes,no,no,no,no,no,no,no,yes,no,yes,yes,no,yes,no,no,yes,yes,no,no,yes,no,yes,yes,yes,yes,no,yes,no,no,no,no,no,no,no,yes,yes,yes,no,no,no,yes,no,no,no,no,yes,yes,no,yes,yes,no,no,no,yes,yes,no,no,no,yes
medical_questions_v2_multi,6,"Question 6 [Background] We compare two treatments for type 2 diabetes: - Treatment: GLP-1 Receptor Agonists (GLP-1RA) - Control: Sodium-Glucose Cotransporter-2 Inhibitors (SGLT2i) [Task Description] You’ll receive an outcome and the percentage of affected patients in each group. Decide whether these treatments have a causal effect on that outcome. You will receive a query describing an outcome and the proportion of patients in each group who experienced it: - One percentage for patients using GLP-1RA (treatment group). - One percentage for patients using SGLT2i (control group). Your task is to determine whether the treatments (GLP-1RA and SGLT2i) have a causal effect on that outcome. [Cohort Description] Adults with type 2 diabetes who began either GLP-1RA or SGLT2i. All had a prior diabetes diagnosis. GLP-1RA users: mean age 58.0, BMI 37.4. SGLT2i users: mean age 64.6, BMI 32.8. Charlson Comorbidity Index ≥ 3 in 65.2% (GLP-1RA) and 68.5% (SGLT2i). [Instruction] - Judge whether the treatments causally influence the outcome. - Both treatments are expected to behave similarly (either both yes or both no). - “Yes” = Positive Outcome (OOI); “No” = Negative Control Outcome (NCO). - Reply with only “yes” or “no.” [Your Task] [Question] Treatment group using GLP-1RA (treatment) had 13.41% MACE4, compared with 19.25% for control group using SGLT2i. Does treatment have causal effect to the MACE4 (is it a Positive Outcome)? Answer: [Your answer, ""yes"" or ""no""]",yes,yes,no,no,yes,no,no,no,yes,yes,yes,no,no,no,yes,yes,no,no,no,yes,yes,no,yes,no,yes,no,no,no,yes,yes,yes,no,yes,no,no,yes,no,yes,yes,no,yes,yes,no,no,no,yes,yes,yes,yes,no,no,no,yes,yes,no,yes,yes,no,no,yes,yes,no,yes,no,yes,yes,no,yes,yes,yes,yes,yes,no,no,yes,no,yes,no,no,yes,yes,yes,no,no,no,no,no,no,no,no,no,yes,no,no,yes,yes,no,no,no,yes,yes,no,no,no,no,no,no,yes,yes,yes,no,yes,no,yes,yes,yes,yes,no,yes,no
medical_questions_v2_multi,7,"Question 7 [Background] We compare two treatments for type 2 diabetes: - Treatment: GLP-1 Receptor Agonists (GLP-1RA) - Control: Sodium-Glucose Cotransporter-2 Inhibitors (SGLT2i) [Task Description] You’ll receive an outcome and the percentage of affected patients in each group. Decide whether these treatments have a causal effect on that outcome. You will receive a query describing an outcome and the proportion of patients in each group who experienced it: - One percentage for patients using GLP-1RA (treatment group). - One percentage for patients using SGLT2i (control group). Your task is to determine whether the treatments (GLP-1RA and SGLT2i) have a causal effect on that outcome. [Cohort Description] Adults with type 2 diabetes who began either GLP-1RA or SGLT2i. All had a prior diabetes diagnosis. GLP-1RA users: mean age 58.0, BMI 37.4. SGLT2i users: mean age 64.6, BMI 32.8. Charlson Comorbidity Index ≥ 3 in 65.2% (GLP-1RA) and 68.5% (SGLT2i). [Instruction] - Judge whether the treatments causally influence the outcome. - Both treatments are expected to behave similarly (either both yes or both no). - “Yes” = Positive Outcome (OOI); “No” = Negative Control Outcome (NCO). - Reply with only “yes” or “no.” [Your Task] [Question] Treatment group using GLP-1RA (treatment) had 2.71% Prev Visits Binary Alcohol Use Disorder, compared with 2.96% for control group using SGLT2i. Does treatment have causal effect to the Prev Visits Binary Alcohol Use Disorder (is it a Positive Outcome)? Answer: [Your answer, ""yes"" or ""no""]",no,yes,yes,no,yes,yes,yes,yes,no,no,no,no,no,yes,yes,no,no,yes,no,no,yes,no,no,no,no,yes,yes,no,yes,no,yes,yes,yes,yes,yes,no,yes,no,no,no,no,yes,yes,yes,no,no,yes,yes,yes,no,yes,no,yes,no,yes,no,no,no,yes,no,yes,no,no,yes,no,yes,yes,yes,no,no,yes,yes,yes,yes,no,no,yes,no,no,no,yes,no,yes,no,no,no,yes,no,yes,no,no,yes,yes,yes,yes,yes,no,yes,no,no,yes,yes,yes,no,yes,no,no,yes,yes,no,no,no,no,no,yes,yes,no,no,no,no
medical_questions_v2_multi,8,"Question 8 [Background] We compare two treatments for type 2 diabetes: - Treatment: GLP-1 Receptor Agonists (GLP-1RA) - Control: Sodium-Glucose Cotransporter-2 Inhibitors (SGLT2i) [Task Description] You’ll receive an outcome and the percentage of affected patients in each group. Decide whether these treatments have a causal effect on that outcome. You will receive a query describing an outcome and the proportion of patients in each group who experienced it: - One percentage for patients using GLP-1RA (treatment group). - One percentage for patients using SGLT2i (control group). Your task is to determine whether the treatments (GLP-1RA and SGLT2i) have a causal effect on that outcome. [Cohort Description] Adults with type 2 diabetes who began either GLP-1RA or SGLT2i. All had a prior diabetes diagnosis. GLP-1RA users: mean age 58.0, BMI 37.4. SGLT2i users: mean age 64.6, BMI 32.8. Charlson Comorbidity Index ≥ 3 in 65.2% (GLP-1RA) and 68.5% (SGLT2i). [Instruction] - Judge whether the treatments causally influence the outcome. - Both treatments are expected to behave similarly (either both yes or both no). - “Yes” = Positive Outcome (OOI); “No” = Negative Control Outcome (NCO). - Reply with only “yes” or “no.” [Your Task] [Question] Treatment group using GLP-1RA (treatment) had 26.41% Prev Visits Binary Anxiety Disorders, compared with 17.07% for control group using SGLT2i. Does treatment have causal effect to the Prev Visits Binary Anxiety Disorders (is it a Positive Outcome)? Answer: [Your answer, ""yes"" or ""no""]",yes,yes,no,yes,yes,no,yes,no,no,yes,yes,no,yes,yes,no,no,yes,no,yes,no,no,yes,no,yes,no,no,no,no,no,no,no,yes,yes,no,no,yes,no,no,no,no,yes,yes,no,yes,yes,no,no,no,yes,yes,no,no,no,yes,no,yes,yes,no,yes,no,yes,yes,no,yes,no,yes,yes,yes,no,yes,yes,no,no,no,yes,no,yes,no,no,yes,no,yes,no,yes,no,no,yes,no,yes,no,no,no,yes,yes,yes,yes,yes,yes,no,yes,yes,yes,yes,yes,yes,no,yes,no,yes,yes,no,yes,no,no,no,yes,no,no,yes,no
medical_questions_v2_multi,9,"Question 9 [Background] We compare two treatments for type 2 diabetes: - Treatment: GLP-1 Receptor Agonists (GLP-1RA) - Control: Sodium-Glucose Cotransporter-2 Inhibitors (SGLT2i) [Task Description] You’ll receive an outcome and the percentage of affected patients in each group. Decide whether these treatments have a causal effect on that outcome. You will receive a query describing an outcome and the proportion of patients in each group who experienced it: - One percentage for patients using GLP-1RA (treatment group). - One percentage for patients using SGLT2i (control group). Your task is to determine whether the treatments (GLP-1RA and SGLT2i) have a causal effect on that outcome. [Cohort Description] Adults with type 2 diabetes who began either GLP-1RA or SGLT2i. All had a prior diabetes diagnosis. GLP-1RA users: mean age 58.0, BMI 37.4. SGLT2i users: mean age 64.6, BMI 32.8. Charlson Comorbidity Index ≥ 3 in 65.2% (GLP-1RA) and 68.5% (SGLT2i). [Instruction] - Judge whether the treatments causally influence the outcome. - Both treatments are expected to behave similarly (either both yes or both no). - “Yes” = Positive Outcome (OOI); “No” = Negative Control Outcome (NCO). - Reply with only “yes” or “no.” [Your Task] [Question] Treatment group using GLP-1RA (treatment) had 1.72% Prev Visits Binary Behavioral And Emotional Disorders With Onset Usually Occurring In Childhood And Adolescence, compared with 1.03% for control group using SGLT2i. Does treatment have causal effect to the Prev Visits Binary Behavioral And Emotional Disorders With Onset Usually Occurring In Childhood And Adolescence (is it a Positive Outcome)? Answer: [Your answer, ""yes"" or ""no""]",no,no,yes,no,yes,yes,yes,yes,yes,no,no,no,no,yes,yes,no,yes,yes,no,yes,no,no,no,yes,yes,no,no,no,no,no,yes,no,no,no,yes,yes,no,no,yes,yes,no,no,yes,no,no,yes,no,yes,yes,no,yes,yes,yes,yes,yes,no,yes,no,yes,no,no,no,yes,yes,yes,yes,yes,yes,yes,no,yes,no,no,yes,yes,yes,yes,yes,yes,yes,yes,no,yes,yes,no,no,no,no,yes,no,yes,no,yes,yes,no,no,yes,no,no,yes,no,no,yes,no,yes,yes,yes,no,yes,yes,yes,yes,yes,no,yes,no,yes,no,yes,no
medical_questions_v2_multi,10,"Question 10 [Background] We compare two treatments for type 2 diabetes: - Treatment: GLP-1 Receptor Agonists (GLP-1RA) - Control: Sodium-Glucose Cotransporter-2 Inhibitors (SGLT2i) [Task Description] You’ll receive an outcome and the percentage of affected patients in each group. Decide whether these treatments have a causal effect on that outcome. You will receive a query describing an outcome and the proportion of patients in each group who experienced it: - One percentage for patients using GLP-1RA (treatment group). - One percentage for patients using SGLT2i (control group). Your task is to determine whether the treatments (GLP-1RA and SGLT2i) have a causal effect on that outcome. [Cohort Description] Adults with type 2 diabetes who began either GLP-1RA or SGLT2i. All had a prior diabetes diagnosis. GLP-1RA users: mean age 58.0, BMI 37.4. SGLT2i users: mean age 64.6, BMI 32.8. Charlson Comorbidity Index ≥ 3 in 65.2% (GLP-1RA) and 68.5% (SGLT2i). [Instruction] - Judge whether the treatments causally influence the outcome. - Both treatments are expected to behave similarly (either both yes or both no). - “Yes” = Positive Outcome (OOI); “No” = Negative Control Outcome (NCO). - Reply with only “yes” or “no.” [Your Task] [Question] Treatment group using GLP-1RA (treatment) had 3.17% Prev Visits Binary Bipolar Disorder, compared with 1.81% for control group using SGLT2i. Does treatment have causal effect to the Prev Visits Binary Bipolar Disorder (is it a Positive Outcome)? Answer: [Your answer, ""yes"" or ""no""]",yes,no,no,no,no,no,yes,no,no,no,no,no,no,no,no,yes,no,no,yes,no,yes,no,no,no,no,no,no,yes,yes,yes,no,yes,no,yes,no,yes,yes,no,yes,yes,yes,no,no,yes,no,no,yes,no,yes,no,yes,no,no,no,yes,yes,yes,yes,yes,yes,yes,yes,no,yes,no,yes,yes,yes,yes,yes,yes,no,no,yes,no,no,yes,no,no,no,no,no,yes,no,yes,yes,no,no,yes,no,no,no,no,no,no,yes,no,yes,yes,yes,no,no,no,no,no,yes,yes,no,yes,no,no,no,yes,no,no,no,yes,yes,no,no
medical_questions_v2_multi,11,"Question 11 [Background] We compare two treatments for type 2 diabetes: - Treatment: GLP-1 Receptor Agonists (GLP-1RA) - Control: Sodium-Glucose Cotransporter-2 Inhibitors (SGLT2i) [Task Description] You’ll receive an outcome and the percentage of affected patients in each group. Decide whether these treatments have a causal effect on that outcome. You will receive a query describing an outcome and the proportion of patients in each group who experienced it: - One percentage for patients using GLP-1RA (treatment group). - One percentage for patients using SGLT2i (control group). Your task is to determine whether the treatments (GLP-1RA and SGLT2i) have a causal effect on that outcome. [Cohort Description] Adults with type 2 diabetes who began either GLP-1RA or SGLT2i. All had a prior diabetes diagnosis. GLP-1RA users: mean age 58.0, BMI 37.4. SGLT2i users: mean age 64.6, BMI 32.8. Charlson Comorbidity Index ≥ 3 in 65.2% (GLP-1RA) and 68.5% (SGLT2i). [Instruction] - Judge whether the treatments causally influence the outcome. - Both treatments are expected to behave similarly (either both yes or both no). - “Yes” = Positive Outcome (OOI); “No” = Negative Control Outcome (NCO). - Reply with only “yes” or “no.” [Your Task] [Question] Treatment group using GLP-1RA (treatment) had 1.06% Prev Visits Binary Cannabis Related Disorder, compared with 0.86% for control group using SGLT2i. Does treatment have causal effect to the Prev Visits Binary Cannabis Related Disorder (is it a Positive Outcome)? Answer: [Your answer, ""yes"" or ""no""]",no,no,no,yes,yes,yes,yes,no,yes,yes,no,yes,yes,yes,yes,no,no,yes,yes,no,yes,no,no,no,no,no,no,no,yes,yes,no,yes,no,no,yes,yes,yes,yes,yes,yes,no,yes,yes,yes,no,no,no,no,yes,no,no,yes,no,yes,no,no,yes,no,no,no,yes,no,no,yes,no,no,yes,yes,yes,no,yes,yes,no,no,no,yes,no,yes,no,no,yes,yes,no,yes,no,no,yes,yes,yes,no,no,yes,no,yes,yes,yes,no,yes,no,no,no,no,no,yes,yes,yes,no,yes,yes,no,no,yes,no,yes,no,no,yes,yes,yes,yes
medical_questions_v2_multi,12,"Question 12 [Background] We compare two treatments for type 2 diabetes: - Treatment: GLP-1 Receptor Agonists (GLP-1RA) - Control: Sodium-Glucose Cotransporter-2 Inhibitors (SGLT2i) [Task Description] You’ll receive an outcome and the percentage of affected patients in each group. Decide whether these treatments have a causal effect on that outcome. You will receive a query describing an outcome and the proportion of patients in each group who experienced it: - One percentage for patients using GLP-1RA (treatment group). - One percentage for patients using SGLT2i (control group). Your task is to determine whether the treatments (GLP-1RA and SGLT2i) have a causal effect on that outcome. [Cohort Description] Adults with type 2 diabetes who began either GLP-1RA or SGLT2i. All had a prior diabetes diagnosis. GLP-1RA users: mean age 58.0, BMI 37.4. SGLT2i users: mean age 64.6, BMI 32.8. Charlson Comorbidity Index ≥ 3 in 65.2% (GLP-1RA) and 68.5% (SGLT2i). [Instruction] - Judge whether the treatments causally influence the outcome. - Both treatments are expected to behave similarly (either both yes or both no). - “Yes” = Positive Outcome (OOI); “No” = Negative Control Outcome (NCO). - Reply with only “yes” or “no.” [Your Task] [Question] Treatment group using GLP-1RA (treatment) had 22.59% Prev Visits Binary Depression, compared with 15.55% for control group using SGLT2i. Does treatment have causal effect to the Prev Visits Binary Depression (is it a Positive Outcome)? Answer: [Your answer, ""yes"" or ""no""]",no,yes,no,yes,yes,no,no,no,yes,yes,yes,yes,no,no,no,yes,yes,no,no,yes,yes,no,yes,no,yes,no,yes,yes,no,yes,no,yes,no,no,no,yes,no,yes,yes,yes,yes,yes,no,yes,no,yes,yes,yes,no,no,no,no,no,yes,no,no,no,yes,yes,yes,yes,yes,no,yes,yes,no,no,yes,yes,no,yes,no,no,yes,no,yes,yes,yes,no,no,yes,no,yes,yes,no,no,yes,no,yes,no,no,no,no,no,no,yes,no,yes,no,no,yes,yes,no,yes,no,no,no,no,no,yes,no,no,no,yes,yes,no,yes,yes,yes,no
medical_questions_v2_multi,13,"Question 13 [Background] We compare two treatments for type 2 diabetes: - Treatment: GLP-1 Receptor Agonists (GLP-1RA) - Control: Sodium-Glucose Cotransporter-2 Inhibitors (SGLT2i) [Task Description] You’ll receive an outcome and the percentage of affected patients in each group. Decide whether these treatments have a causal effect on that outcome. You will receive a query describing an outcome and the proportion of patients in each group who experienced it: - One percentage for patients using GLP-1RA (treatment group). - One percentage for patients using SGLT2i (control group). Your task is to determine whether the treatments (GLP-1RA and SGLT2i) have a causal effect on that outcome. [Cohort Description] Adults with type 2 diabetes who began either GLP-1RA or SGLT2i. All had a prior diabetes diagnosis. GLP-1RA users: mean age 58.0, BMI 37.4. SGLT2i users: mean age 64.6, BMI 32.8. Charlson Comorbidity Index ≥ 3 in 65.2% (GLP-1RA) and 68.5% (SGLT2i). [Instruction] - Judge whether the treatments causally influence the outcome. - Both treatments are expected to behave similarly (either both yes or both no). - “Yes” = Positive Outcome (OOI); “No” = Negative Control Outcome (NCO). - Reply with only “yes” or “no.” [Your Task] [Question] Treatment group using GLP-1RA (treatment) had 0.59% Prev Visits Binary Eating Disorders, compared with 0.17% for control group using SGLT2i. Does treatment have causal effect to the Prev Visits Binary Eating Disorders (is it a Positive Outcome)? Answer: [Your answer, ""yes"" or ""no""]",yes,yes,yes,yes,yes,yes,no,yes,no,yes,no,yes,yes,no,yes,no,no,no,no,no,yes,yes,yes,yes,yes,no,yes,no,no,yes,no,no,no,no,yes,yes,no,no,no,yes,no,yes,no,no,yes,no,no,no,no,yes,no,no,no,yes,no,yes,yes,yes,yes,yes,yes,yes,no,yes,no,no,yes,yes,no,yes,no,no,yes,yes,no,no,no,no,no,yes,no,yes,yes,no,no,yes,no,yes,no,no,no,yes,yes,yes,no,yes,yes,no,no,no,no,no,no,yes,no,no,no,no,no,yes,no,no,no,yes,yes,yes,no,no,yes,yes
medical_questions_v2_multi,14,"Question 14 [Background] We compare two treatments for type 2 diabetes: - Treatment: GLP-1 Receptor Agonists (GLP-1RA) - Control: Sodium-Glucose Cotransporter-2 Inhibitors (SGLT2i) [Task Description] You’ll receive an outcome and the percentage of affected patients in each group. Decide whether these treatments have a causal effect on that outcome. You will receive a query describing an outcome and the proportion of patients in each group who experienced it: - One percentage for patients using GLP-1RA (treatment group). - One percentage for patients using SGLT2i (control group). Your task is to determine whether the treatments (GLP-1RA and SGLT2i) have a causal effect on that outcome. [Cohort Description] Adults with type 2 diabetes who began either GLP-1RA or SGLT2i. All had a prior diabetes diagnosis. GLP-1RA users: mean age 58.0, BMI 37.4. SGLT2i users: mean age 64.6, BMI 32.8. Charlson Comorbidity Index ≥ 3 in 65.2% (GLP-1RA) and 68.5% (SGLT2i). [Instruction] - Judge whether the treatments causally influence the outcome. - Both treatments are expected to behave similarly (either both yes or both no). - “Yes” = Positive Outcome (OOI); “No” = Negative Control Outcome (NCO). - Reply with only “yes” or “no.” [Your Task] [Question] Treatment group using GLP-1RA (treatment) had 0.27% Prev Visits Binary Intellectual Disabilities, compared with 0.20% for control group using SGLT2i. Does treatment have causal effect to the Prev Visits Binary Intellectual Disabilities (is it a Positive Outcome)? Answer: [Your answer, ""yes"" or ""no""]",no,yes,yes,yes,yes,yes,yes,yes,yes,no,yes,no,yes,no,yes,no,yes,yes,yes,no,yes,yes,no,no,no,yes,yes,yes,no,no,yes,no,yes,yes,yes,no,yes,yes,yes,yes,no,no,yes,no,no,no,no,yes,yes,no,yes,no,no,no,no,no,yes,yes,no,no,yes,yes,no,yes,yes,no,no,yes,yes,no,yes,no,yes,no,yes,no,yes,no,yes,yes,yes,yes,no,no,no,yes,no,no,no,yes,yes,yes,yes,no,no,yes,no,no,no,yes,yes,no,no,no,yes,no,no,no,no,yes,no,no,no,no,no,no,yes,yes,no,yes
medical_questions_v2_multi,15,"Question 15 [Background] We compare two treatments for type 2 diabetes: - Treatment: GLP-1 Receptor Agonists (GLP-1RA) - Control: Sodium-Glucose Cotransporter-2 Inhibitors (SGLT2i) [Task Description] You’ll receive an outcome and the percentage of affected patients in each group. Decide whether these treatments have a causal effect on that outcome. You will receive a query describing an outcome and the proportion of patients in each group who experienced it: - One percentage for patients using GLP-1RA (treatment group). - One percentage for patients using SGLT2i (control group). Your task is to determine whether the treatments (GLP-1RA and SGLT2i) have a causal effect on that outcome. [Cohort Description] Adults with type 2 diabetes who began either GLP-1RA or SGLT2i. All had a prior diabetes diagnosis. GLP-1RA users: mean age 58.0, BMI 37.4. SGLT2i users: mean age 64.6, BMI 32.8. Charlson Comorbidity Index ≥ 3 in 65.2% (GLP-1RA) and 68.5% (SGLT2i). [Instruction] - Judge whether the treatments causally influence the outcome. - Both treatments are expected to behave similarly (either both yes or both no). - “Yes” = Positive Outcome (OOI); “No” = Negative Control Outcome (NCO). - Reply with only “yes” or “no.” [Your Task] [Question] Treatment group using GLP-1RA (treatment) had 0.39% Prev Visits Binary Neurodevelopmental Disorders, compared with 0.25% for control group using SGLT2i. Does treatment have causal effect to the Prev Visits Binary Neurodevelopmental Disorders (is it a Positive Outcome)? Answer: [Your answer, ""yes"" or ""no""]",no,yes,yes,yes,yes,no,no,no,no,yes,no,yes,no,no,yes,yes,no,yes,yes,no,no,no,no,yes,no,yes,no,no,no,yes,no,yes,no,yes,yes,yes,no,no,no,yes,yes,yes,no,yes,yes,yes,no,no,no,yes,yes,yes,no,no,yes,yes,no,yes,no,yes,no,yes,yes,no,yes,yes,no,no,no,no,yes,yes,no,yes,no,no,no,yes,yes,no,yes,no,no,no,no,no,no,yes,no,yes,no,no,yes,yes,no,yes,no,no,no,no,no,no,no,yes,yes,yes,no,yes,yes,yes,yes,yes,no,yes,yes,yes,no,no,no,no
medical_questions_v2_multi,16,"Question 16 [Background] We compare two treatments for type 2 diabetes: - Treatment: GLP-1 Receptor Agonists (GLP-1RA) - Control: Sodium-Glucose Cotransporter-2 Inhibitors (SGLT2i) [Task Description] You’ll receive an outcome and the percentage of affected patients in each group. Decide whether these treatments have a causal effect on that outcome. You will receive a query describing an outcome and the proportion of patients in each group who experienced it: - One percentage for patients using GLP-1RA (treatment group). - One percentage for patients using SGLT2i (control group). Your task is to determine whether the treatments (GLP-1RA and SGLT2i) have a causal effect on that outcome. [Cohort Description] Adults with type 2 diabetes who began either GLP-1RA or SGLT2i. All had a prior diabetes diagnosis. GLP-1RA users: mean age 58.0, BMI 37.4. SGLT2i users: mean age 64.6, BMI 32.8. Charlson Comorbidity Index ≥ 3 in 65.2% (GLP-1RA) and 68.5% (SGLT2i). [Instruction] - Judge whether the treatments causally influence the outcome. - Both treatments are expected to behave similarly (either both yes or both no). - “Yes” = Positive Outcome (OOI); “No” = Negative Control Outcome (NCO). - Reply with only “yes” or “no.” [Your Task] [Question] Treatment group using GLP-1RA (treatment) had 2.33% Prev Visits Binary Opiod Use Disorder, compared with 1.76% for control group using SGLT2i. Does treatment have causal effect to the Prev Visits Binary Opiod Use Disorder (is it a Positive Outcome)? Answer: [Your answer, ""yes"" or ""no""]",yes,yes,no,yes,yes,no,yes,yes,no,no,yes,no,no,yes,yes,no,yes,no,no,no,no,no,yes,yes,yes,no,no,yes,yes,yes,yes,yes,yes,yes,yes,no,yes,yes,yes,yes,no,yes,yes,yes,yes,yes,yes,yes,yes,yes,yes,yes,no,no,no,yes,no,no,yes,no,yes,yes,yes,yes,no,no,yes,no,no,no,no,no,yes,yes,no,yes,no,yes,yes,no,yes,no,no,no,yes,no,no,yes,no,yes,yes,no,yes,no,yes,no,no,yes,yes,yes,yes,yes,yes,no,yes,yes,yes,no,yes,yes,yes,yes,yes,yes,no,yes,no,no,yes,no
medical_questions_v2_multi,17,"Question 17 [Background] We compare two treatments for type 2 diabetes: - Treatment: GLP-1 Receptor Agonists (GLP-1RA) - Control: Sodium-Glucose Cotransporter-2 Inhibitors (SGLT2i) [Task Description] You’ll receive an outcome and the percentage of affected patients in each group. Decide whether these treatments have a causal effect on that outcome. You will receive a query describing an outcome and the proportion of patients in each group who experienced it: - One percentage for patients using GLP-1RA (treatment group). - One percentage for patients using SGLT2i (control group). Your task is to determine whether the treatments (GLP-1RA and SGLT2i) have a causal effect on that outcome. [Cohort Description] Adults with type 2 diabetes who began either GLP-1RA or SGLT2i. All had a prior diabetes diagnosis. GLP-1RA users: mean age 58.0, BMI 37.4. SGLT2i users: mean age 64.6, BMI 32.8. Charlson Comorbidity Index ≥ 3 in 65.2% (GLP-1RA) and 68.5% (SGLT2i). [Instruction] - Judge whether the treatments causally influence the outcome. - Both treatments are expected to behave similarly (either both yes or both no). - “Yes” = Positive Outcome (OOI); “No” = Negative Control Outcome (NCO). - Reply with only “yes” or “no.” [Your Task] [Question] Treatment group using GLP-1RA (treatment) had 2.38% Prev Visits Binary Other Mood Disorders, compared with 1.44% for control group using SGLT2i. Does treatment have causal effect to the Prev Visits Binary Other Mood Disorders (is it a Positive Outcome)? Answer: [Your answer, ""yes"" or ""no""]",no,yes,yes,yes,no,no,no,no,no,no,yes,no,no,yes,no,no,yes,no,yes,no,no,no,no,yes,no,no,no,yes,no,no,no,no,no,yes,no,no,yes,no,no,no,yes,no,yes,yes,no,no,yes,yes,yes,no,no,yes,no,yes,no,yes,no,no,yes,no,yes,no,yes,no,no,no,yes,no,no,no,yes,no,no,no,no,no,no,no,yes,yes,yes,yes,no,yes,yes,yes,no,yes,yes,no,no,yes,yes,no,no,no,no,no,no,no,no,no,yes,no,no,no,no,yes,no,yes,no,yes,no,no,yes,no,no,no,no,no
medical_questions_v2_multi,18,"Question 18 [Background] We compare two treatments for type 2 diabetes: - Treatment: GLP-1 Receptor Agonists (GLP-1RA) - Control: Sodium-Glucose Cotransporter-2 Inhibitors (SGLT2i) [Task Description] You’ll receive an outcome and the percentage of affected patients in each group. Decide whether these treatments have a causal effect on that outcome. You will receive a query describing an outcome and the proportion of patients in each group who experienced it: - One percentage for patients using GLP-1RA (treatment group). - One percentage for patients using SGLT2i (control group). Your task is to determine whether the treatments (GLP-1RA and SGLT2i) have a causal effect on that outcome. [Cohort Description] Adults with type 2 diabetes who began either GLP-1RA or SGLT2i. All had a prior diabetes diagnosis. GLP-1RA users: mean age 58.0, BMI 37.4. SGLT2i users: mean age 64.6, BMI 32.8. Charlson Comorbidity Index ≥ 3 in 65.2% (GLP-1RA) and 68.5% (SGLT2i). [Instruction] - Judge whether the treatments causally influence the outcome. - Both treatments are expected to behave similarly (either both yes or both no). - “Yes” = Positive Outcome (OOI); “No” = Negative Control Outcome (NCO). - Reply with only “yes” or “no.” [Your Task] [Question] Treatment group using GLP-1RA (treatment) had 1.21% Prev Visits Binary Other Substance Use Disorder, compared with 1.29% for control group using SGLT2i. Does treatment have causal effect to the Prev Visits Binary Other Substance Use Disorder (is it a Positive Outcome)? Answer: [Your answer, ""yes"" or ""no""]",yes,yes,yes,yes,no,no,yes,yes,yes,no,yes,yes,no,yes,yes,yes,yes,no,no,no,yes,yes,yes,no,no,yes,yes,no,no,no,no,yes,no,yes,no,no,no,yes,yes,yes,yes,yes,yes,yes,yes,no,no,yes,yes,yes,yes,yes,no,no,no,yes,yes,no,no,no,yes,no,yes,no,no,no,no,no,no,yes,yes,no,yes,no,no,yes,yes,yes,no,yes,yes,no,no,no,no,no,yes,no,no,no,yes,yes,yes,no,no,no,yes,yes,no,yes,no,yes,yes,no,no,yes,yes,yes,yes,no,yes,yes,yes,no,no,yes,no,no,no,no
medical_questions_v2_multi,19,"Question 19 [Background] We compare two treatments for type 2 diabetes: - Treatment: GLP-1 Receptor Agonists (GLP-1RA) - Control: Sodium-Glucose Cotransporter-2 Inhibitors (SGLT2i) [Task Description] You’ll receive an outcome and the percentage of affected patients in each group. Decide whether these treatments have a causal effect on that outcome. You will receive a query describing an outcome and the proportion of patients in each group who experienced it: - One percentage for patients using GLP-1RA (treatment group). - One percentage for patients using SGLT2i (control group). Your task is to determine whether the treatments (GLP-1RA and SGLT2i) have a causal effect on that outcome. [Cohort Description] Adults with type 2 diabetes who began either GLP-1RA or SGLT2i. All had a prior diabetes diagnosis. GLP-1RA users: mean age 58.0, BMI 37.4. SGLT2i users: mean age 64.6, BMI 32.8. Charlson Comorbidity Index ≥ 3 in 65.2% (GLP-1RA) and 68.5% (SGLT2i). [Instruction] - Judge whether the treatments causally influence the outcome. - Both treatments are expected to behave similarly (either both yes or both no). - “Yes” = Positive Outcome (OOI); “No” = Negative Control Outcome (NCO). - Reply with only “yes” or “no.” [Your Task] [Question] Treatment group using GLP-1RA (treatment) had 1.21% Prev Visits Binary Personality Disorders, compared with 0.55% for control group using SGLT2i. Does treatment have causal effect to the Prev Visits Binary Personality Disorders (is it a Positive Outcome)? Answer: [Your answer, ""yes"" or ""no""]",yes,no,no,yes,yes,no,no,no,no,yes,no,yes,no,no,no,no,yes,no,yes,no,no,no,yes,no,yes,no,yes,no,yes,no,no,no,no,yes,yes,no,yes,yes,yes,no,no,no,no,yes,yes,yes,no,no,no,no,no,yes,yes,no,yes,yes,yes,no,no,no,yes,no,no,yes,no,no,yes,yes,yes,yes,yes,yes,yes,yes,yes,no,yes,no,yes,no,yes,no,yes,yes,yes,yes,no,no,yes,no,no,no,no,no,yes,no,no,no,yes,yes,yes,yes,yes,yes,yes,yes,yes,no,yes,no,yes,yes,no,yes,no,yes,yes,no,no,no
medical_questions_v2_multi,20,"Question 20 [Background] We compare two treatments for type 2 diabetes: - Treatment: GLP-1 Receptor Agonists (GLP-1RA) - Control: Sodium-Glucose Cotransporter-2 Inhibitors (SGLT2i) [Task Description] You’ll receive an outcome and the percentage of affected patients in each group. Decide whether these treatments have a causal effect on that outcome. You will receive a query describing an outcome and the proportion of patients in each group who experienced it: - One percentage for patients using GLP-1RA (treatment group). - One percentage for patients using SGLT2i (control group). Your task is to determine whether the treatments (GLP-1RA and SGLT2i) have a causal effect on that outcome. [Cohort Description] Adults with type 2 diabetes who began either GLP-1RA or SGLT2i. All had a prior diabetes diagnosis. GLP-1RA users: mean age 58.0, BMI 37.4. SGLT2i users: mean age 64.6, BMI 32.8. Charlson Comorbidity Index ≥ 3 in 65.2% (GLP-1RA) and 68.5% (SGLT2i). [Instruction] - Judge whether the treatments causally influence the outcome. - Both treatments are expected to behave similarly (either both yes or both no). - “Yes” = Positive Outcome (OOI); “No” = Negative Control Outcome (NCO). - Reply with only “yes” or “no.” [Your Task] [Question] Treatment group using GLP-1RA (treatment) had 1.52% Prev Visits Binary Schizophrenia And Other Psychotic Disorders, compared with 1.21% for control group using SGLT2i. Does treatment have causal effect to the Prev Visits Binary Schizophrenia And Other Psychotic Disorders (is it a Positive Outcome)? Answer: [Your answer, ""yes"" or ""no""]",yes,no,no,no,yes,no,no,yes,no,no,yes,yes,no,no,yes,yes,yes,no,no,yes,no,no,no,yes,no,no,no,no,no,yes,yes,no,no,no,yes,no,yes,yes,yes,yes,yes,yes,yes,yes,no,yes,yes,no,yes,yes,yes,yes,yes,no,no,yes,yes,yes,yes,no,no,no,no,no,yes,no,yes,no,yes,yes,yes,yes,yes,yes,yes,no,no,no,yes,no,yes,no,yes,yes,no,yes,yes,no,yes,yes,no,no,no,no,no,no,yes,no,no,no,no,no,yes,no,yes,yes,yes,no,no,yes,yes,yes,yes,no,no,yes,yes,yes,no,no
medical_questions_v2_multi,21,"Question 21 [Background] We compare two treatments for type 2 diabetes: - Treatment: GLP-1 Receptor Agonists (GLP-1RA) - Control: Sodium-Glucose Cotransporter-2 Inhibitors (SGLT2i) [Task Description] You’ll receive an outcome and the percentage of affected patients in each group. Decide whether these treatments have a causal effect on that outcome. You will receive a query describing an outcome and the proportion of patients in each group who experienced it: - One percentage for patients using GLP-1RA (treatment group). - One percentage for patients using SGLT2i (control group). Your task is to determine whether the treatments (GLP-1RA and SGLT2i) have a causal effect on that outcome. [Cohort Description] Adults with type 2 diabetes who began either GLP-1RA or SGLT2i. All had a prior diabetes diagnosis. GLP-1RA users: mean age 58.0, BMI 37.4. SGLT2i users: mean age 64.6, BMI 32.8. Charlson Comorbidity Index ≥ 3 in 65.2% (GLP-1RA) and 68.5% (SGLT2i). [Instruction] - Judge whether the treatments causally influence the outcome. - Both treatments are expected to behave similarly (either both yes or both no). - “Yes” = Positive Outcome (OOI); “No” = Negative Control Outcome (NCO). - Reply with only “yes” or “no.” [Your Task] [Question] Treatment group using GLP-1RA (treatment) had 0.31% Prev Visits Binary Sedative Use Disorders, compared with 0.29% for control group using SGLT2i. Does treatment have causal effect to the Prev Visits Binary Sedative Use Disorders (is it a Positive Outcome)? Answer: [Your answer, ""yes"" or ""no""]",yes,no,yes,no,no,no,no,no,yes,yes,no,yes,no,yes,yes,no,yes,yes,no,no,no,no,no,no,yes,yes,no,yes,yes,yes,no,no,yes,no,yes,no,yes,no,no,yes,no,yes,yes,no,no,yes,yes,yes,yes,no,no,no,yes,no,no,no,yes,no,no,yes,yes,no,no,no,yes,no,yes,no,yes,yes,yes,no,no,no,no,no,no,no,no,no,yes,yes,yes,no,no,yes,yes,yes,no,no,no,no,yes,no,yes,no,yes,no,yes,no,no,yes,yes,yes,yes,yes,yes,yes,yes,no,no,yes,yes,no,yes,yes,yes,yes,yes,no
medical_questions_v2_multi,22,"Question 22 [Background] We compare two treatments for type 2 diabetes: - Treatment: GLP-1 Receptor Agonists (GLP-1RA) - Control: Sodium-Glucose Cotransporter-2 Inhibitors (SGLT2i) [Task Description] You’ll receive an outcome and the percentage of affected patients in each group. Decide whether these treatments have a causal effect on that outcome. You will receive a query describing an outcome and the proportion of patients in each group who experienced it: - One percentage for patients using GLP-1RA (treatment group). - One percentage for patients using SGLT2i (control group). Your task is to determine whether the treatments (GLP-1RA and SGLT2i) have a causal effect on that outcome. [Cohort Description] Adults with type 2 diabetes who began either GLP-1RA or SGLT2i. All had a prior diabetes diagnosis. GLP-1RA users: mean age 58.0, BMI 37.4. SGLT2i users: mean age 64.6, BMI 32.8. Charlson Comorbidity Index ≥ 3 in 65.2% (GLP-1RA) and 68.5% (SGLT2i). [Instruction] - Judge whether the treatments causally influence the outcome. - Both treatments are expected to behave similarly (either both yes or both no). - “Yes” = Positive Outcome (OOI); “No” = Negative Control Outcome (NCO). - Reply with only “yes” or “no.” [Your Task] [Question] Treatment group using GLP-1RA (treatment) had 35.83% Prev Visits Binary Sleep Disorders, compared with 26.78% for control group using SGLT2i. Does treatment have causal effect to the Prev Visits Binary Sleep Disorders (is it a Positive Outcome)? Answer: [Your answer, ""yes"" or ""no""]",no,yes,yes,yes,yes,no,no,no,yes,no,no,yes,no,yes,yes,yes,no,yes,no,yes,yes,no,yes,yes,yes,no,no,no,no,no,yes,no,no,yes,no,no,no,no,no,yes,yes,no,yes,no,no,yes,no,no,no,yes,no,no,yes,no,no,yes,no,yes,yes,yes,yes,no,yes,no,yes,yes,yes,no,yes,yes,yes,yes,yes,yes,no,yes,no,yes,no,no,yes,yes,no,yes,yes,yes,no,yes,no,no,yes,yes,no,no,yes,yes,yes,no,no,no,no,no,no,yes,yes,no,no,yes,no,yes,no,yes,no,yes,yes,no,no,yes,yes,yes
medical_questions_v2_multi,23,"Question 23 [Background] We compare two treatments for type 2 diabetes: - Treatment: GLP-1 Receptor Agonists (GLP-1RA) - Control: Sodium-Glucose Cotransporter-2 Inhibitors (SGLT2i) [Task Description] You’ll receive an outcome and the percentage of affected patients in each group. Decide whether these treatments have a causal effect on that outcome. You will receive a query describing an outcome and the proportion of patients in each group who experienced it: - One percentage for patients using GLP-1RA (treatment group). - One percentage for patients using SGLT2i (control group). Your task is to determine whether the treatments (GLP-1RA and SGLT2i) have a causal effect on that outcome. [Cohort Description] Adults with type 2 diabetes who began either GLP-1RA or SGLT2i. All had a prior diabetes diagnosis. GLP-1RA users: mean age 58.0, BMI 37.4. SGLT2i users: mean age 64.6, BMI 32.8. Charlson Comorbidity Index ≥ 3 in 65.2% (GLP-1RA) and 68.5% (SGLT2i). [Instruction] - Judge whether the treatments causally influence the outcome. - Both treatments are expected to behave similarly (either both yes or both no). - “Yes” = Positive Outcome (OOI); “No” = Negative Control Outcome (NCO). - Reply with only “yes” or “no.” [Your Task] [Question] Treatment group using GLP-1RA (treatment) had 1.25% Prev Visits Binary Stimulant Use Disorders, compared with 1.20% for control group using SGLT2i. Does treatment have causal effect to the Prev Visits Binary Stimulant Use Disorders (is it a Positive Outcome)? Answer: [Your answer, ""yes"" or ""no""]",yes,no,yes,no,yes,no,no,yes,no,no,no,no,no,no,yes,yes,no,yes,yes,yes,no,yes,yes,yes,no,yes,no,no,yes,yes,no,yes,yes,yes,no,yes,no,yes,yes,no,no,yes,yes,yes,no,no,yes,yes,yes,no,no,no,yes,yes,yes,no,no,yes,yes,yes,yes,no,yes,yes,yes,yes,no,yes,yes,no,yes,no,yes,no,yes,yes,no,no,yes,no,no,no,no,yes,yes,yes,no,yes,yes,no,no,yes,no,yes,yes,yes,no,no,yes,no,no,yes,no,yes,no,no,yes,no,no,yes,no,yes,yes,no,yes,no,no,no,no,no
medical_questions_v2_multi,24,"Question 24 [Background] We compare two treatments for type 2 diabetes: - Treatment: GLP-1 Receptor Agonists (GLP-1RA) - Control: Sodium-Glucose Cotransporter-2 Inhibitors (SGLT2i) [Task Description] You’ll receive an outcome and the percentage of affected patients in each group. Decide whether these treatments have a causal effect on that outcome. You will receive a query describing an outcome and the proportion of patients in each group who experienced it: - One percentage for patients using GLP-1RA (treatment group). - One percentage for patients using SGLT2i (control group). Your task is to determine whether the treatments (GLP-1RA and SGLT2i) have a causal effect on that outcome. [Cohort Description] Adults with type 2 diabetes who began either GLP-1RA or SGLT2i. All had a prior diabetes diagnosis. GLP-1RA users: mean age 58.0, BMI 37.4. SGLT2i users: mean age 64.6, BMI 32.8. Charlson Comorbidity Index ≥ 3 in 65.2% (GLP-1RA) and 68.5% (SGLT2i). [Instruction] - Judge whether the treatments causally influence the outcome. - Both treatments are expected to behave similarly (either both yes or both no). - “Yes” = Positive Outcome (OOI); “No” = Negative Control Outcome (NCO). - Reply with only “yes” or “no.” [Your Task] [Question] Treatment group using GLP-1RA (treatment) had 0.02% Prev Visits Binary Substance Use Disorder, compared with 0.07% for control group using SGLT2i. Does treatment have causal effect to the Prev Visits Binary Substance Use Disorder (is it a Positive Outcome)? Answer: [Your answer, ""yes"" or ""no""]",yes,no,no,no,yes,yes,yes,no,yes,no,yes,no,yes,no,yes,yes,yes,no,no,yes,yes,no,yes,yes,yes,no,no,yes,no,no,no,yes,no,no,yes,yes,yes,yes,no,no,no,yes,yes,no,no,no,yes,yes,yes,no,no,no,no,yes,no,no,no,no,yes,yes,yes,yes,no,no,yes,no,no,no,yes,no,yes,no,no,no,no,yes,yes,yes,yes,yes,yes,no,yes,yes,yes,no,yes,yes,no,yes,no,yes,no,no,no,yes,yes,yes,yes,no,no,yes,no,no,yes,yes,no,yes,yes,yes,no,no,no,no,no,no,yes,no,yes,no
medical_questions_v2_multi,25,"Question 25 [Background] We compare two treatments for type 2 diabetes: - Treatment: GLP-1 Receptor Agonists (GLP-1RA) - Control: Sodium-Glucose Cotransporter-2 Inhibitors (SGLT2i) [Task Description] You’ll receive an outcome and the percentage of affected patients in each group. Decide whether these treatments have a causal effect on that outcome. You will receive a query describing an outcome and the proportion of patients in each group who experienced it: - One percentage for patients using GLP-1RA (treatment group). - One percentage for patients using SGLT2i (control group). Your task is to determine whether the treatments (GLP-1RA and SGLT2i) have a causal effect on that outcome. [Cohort Description] Adults with type 2 diabetes who began either GLP-1RA or SGLT2i. All had a prior diabetes diagnosis. GLP-1RA users: mean age 58.0, BMI 37.4. SGLT2i users: mean age 64.6, BMI 32.8. Charlson Comorbidity Index ≥ 3 in 65.2% (GLP-1RA) and 68.5% (SGLT2i). [Instruction] - Judge whether the treatments causally influence the outcome. - Both treatments are expected to behave similarly (either both yes or both no). - “Yes” = Positive Outcome (OOI); “No” = Negative Control Outcome (NCO). - Reply with only “yes” or “no.” [Your Task] [Question] Treatment group using GLP-1RA (treatment) had 0.59% Prev Visits Binary Suicide Ideation, compared with 0.46% for control group using SGLT2i. Does treatment have causal effect to the Prev Visits Binary Suicide Ideation (is it a Positive Outcome)? Answer: [Your answer, ""yes"" or ""no""]",no,no,yes,no,yes,yes,no,no,yes,yes,no,no,yes,no,yes,yes,no,no,yes,yes,no,yes,yes,yes,no,yes,no,yes,yes,no,no,yes,yes,yes,no,yes,no,no,yes,yes,no,yes,yes,no,no,no,no,no,yes,yes,yes,no,no,yes,no,no,yes,no,no,yes,no,yes,yes,yes,yes,yes,no,no,no,yes,yes,yes,yes,no,yes,yes,no,no,no,no,yes,yes,no,no,no,yes,yes,no,yes,yes,no,yes,no,yes,no,no,no,no,yes,no,no,yes,no,no,no,yes,no,no,no,no,yes,yes,yes,yes,no,yes,no,yes,no,yes
medical_questions_v2_multi,26,"Question 26 [Background] We compare two treatments for type 2 diabetes: - Treatment: GLP-1 Receptor Agonists (GLP-1RA) - Control: Sodium-Glucose Cotransporter-2 Inhibitors (SGLT2i) [Task Description] You’ll receive an outcome and the percentage of affected patients in each group. Decide whether these treatments have a causal effect on that outcome. You will receive a query describing an outcome and the proportion of patients in each group who experienced it: - One percentage for patients using GLP-1RA (treatment group). - One percentage for patients using SGLT2i (control group). Your task is to determine whether the treatments (GLP-1RA and SGLT2i) have a causal effect on that outcome. [Cohort Description] Adults with type 2 diabetes who began either GLP-1RA or SGLT2i. All had a prior diabetes diagnosis. GLP-1RA users: mean age 58.0, BMI 37.4. SGLT2i users: mean age 64.6, BMI 32.8. Charlson Comorbidity Index ≥ 3 in 65.2% (GLP-1RA) and 68.5% (SGLT2i). [Instruction] - Judge whether the treatments causally influence the outcome. - Both treatments are expected to behave similarly (either both yes or both no). - “Yes” = Positive Outcome (OOI); “No” = Negative Control Outcome (NCO). - Reply with only “yes” or “no.” [Your Task] [Question] Treatment group using GLP-1RA (treatment) had 8.34% Prev Visits Binary Suicide Attempt, compared with 7.46% for control group using SGLT2i. Does treatment have causal effect to the Prev Visits Binary Suicide Attempt (is it a Positive Outcome)? Answer: [Your answer, ""yes"" or ""no""]",no,no,yes,yes,yes,yes,yes,yes,no,yes,yes,yes,no,no,yes,yes,no,yes,no,no,yes,yes,yes,yes,no,yes,yes,no,yes,no,no,no,yes,yes,no,yes,yes,yes,yes,no,no,no,yes,no,yes,yes,no,no,no,yes,yes,yes,no,yes,yes,no,no,no,no,yes,no,no,yes,no,yes,yes,yes,yes,no,yes,yes,yes,yes,no,yes,no,no,yes,no,no,yes,no,yes,yes,yes,yes,yes,yes,no,no,no,no,no,no,yes,no,no,no,yes,yes,yes,yes,yes,no,no,yes,no,yes,no,yes,no,no,yes,no,no,yes,no,yes,yes,yes
medical_questions_v2_multi,27,"Question 27 [Background] We compare two treatments for type 2 diabetes: - Treatment: GLP-1 Receptor Agonists (GLP-1RA) - Control: Sodium-Glucose Cotransporter-2 Inhibitors (SGLT2i) [Task Description] You’ll receive an outcome and the percentage of affected patients in each group. Decide whether these treatments have a causal effect on that outcome. You will receive a query describing an outcome and the proportion of patients in each group who experienced it: - One percentage for patients using GLP-1RA (treatment group). - One percentage for patients using SGLT2i (control group). Your task is to determine whether the treatments (GLP-1RA and SGLT2i) have a causal effect on that outcome. [Cohort Description] Adults with type 2 diabetes who began either GLP-1RA or SGLT2i. All had a prior diabetes diagnosis. GLP-1RA users: mean age 58.0, BMI 37.4. SGLT2i users: mean age 64.6, BMI 32.8. Charlson Comorbidity Index ≥ 3 in 65.2% (GLP-1RA) and 68.5% (SGLT2i). [Instruction] - Judge whether the treatments causally influence the outcome. - Both treatments are expected to behave similarly (either both yes or both no). - “Yes” = Positive Outcome (OOI); “No” = Negative Control Outcome (NCO). - Reply with only “yes” or “no.” [Your Task] [Question] Treatment group using GLP-1RA (treatment) had 9.34% Prev Visits Binary Tobaco Use Disorder, compared with 8.56% for control group using SGLT2i. Does treatment have causal effect to the Prev Visits Binary Tobaco Use Disorder (is it a Positive Outcome)? Answer: [Your answer, ""yes"" or ""no""]",yes,no,no,no,no,no,yes,no,no,no,no,no,no,no,no,yes,no,no,no,yes,yes,yes,yes,yes,yes,no,no,yes,no,no,no,no,no,no,yes,no,yes,no,yes,no,yes,yes,yes,no,yes,no,yes,yes,yes,yes,no,no,yes,yes,yes,no,no,no,yes,no,yes,no,yes,no,yes,no,yes,yes,yes,no,yes,yes,no,yes,yes,yes,no,yes,yes,yes,yes,yes,no,no,yes,no,no,yes,yes,no,no,no,yes,no,no,no,no,yes,no,no,yes,no,yes,yes,no,yes,yes,yes,yes,no,no,no,yes,yes,no,no,no,yes,yes,no
